{
    "type": "FeatureCollection",
    "generator": "JOSM",
    "features": [
        {
            "type": "Feature",
            "properties": {
                "type": "trainstation_route"
            },
            "geometry": {
                "type": "LineString",
                "coordinates": [
                    [
                        2.19092487216,
                        48.70525757430
                    ],
                    [
                        2.19034551501,
                        48.70555494644
                    ],
                    [
                        2.18930481791,
                        48.70641165160
                    ],
                    [
                        2.18875764728,
                        48.70689309934
                    ],
                    [
                        2.18863963813,
                        48.70704531552
                    ],
                    [
                        2.18837141722,
                        48.70718160646
                    ],
                    [
                        2.18817025155,
                        48.70730550700
                    ],
                    [
                        2.18785643041,
                        48.70768605851
                    ],
                    [
                        2.18742727697,
                        48.70857104677
                    ],
                    [
                        2.18672453821,
                        48.70995867704
                    ],
                    [
                        2.18640803754,
                        48.71061000050
                    ],
                    [
                        2.18628465593,
                        48.71079052888
                    ],
                    [
                        2.18599497736,
                        48.71102415288
                    ],
                    [
                        2.18583404481,
                        48.71113388499
                    ],
                    [
                        2.18559801042,
                        48.71122945792
                    ],
                    [
                        2.18530296743,
                        48.71132149094
                    ],
                    [
                        2.18427299917,
                        48.71156927133
                    ],
                    [
                        2.18282460630,
                        48.71191970150
                    ],
                    [
                        2.18281387746,
                        48.71199403485
                    ],
                    [
                        2.18277632654,
                        48.71203651101
                    ],
                    [
                        2.18269586027,
                        48.71208252680
                    ],
                    [
                        2.18220233381,
                        48.71216039959
                    ],
                    [
                        2.18205749452,
                        48.71219579627
                    ],
                    [
                        2.18199312150,
                        48.71226658956
                    ],
                    [
                        2.18211113870,
                        48.71253206351
                    ],
                    [
                        2.18218624055,
                        48.71256745993
                    ],
                    [
                        2.18225061357,
                        48.71254622208
                    ],
                    [
                        2.18243300378,
                        48.71265949051
                    ],
                    [
                        2.18261002958,
                        48.71262409415
                    ],
                    [
                        2.18287825048,
                        48.71264179233
                    ],
                    [
                        2.18300699651,
                        48.71262409415
                    ],
                    [
                        2.18334495485,
                        48.71263117342
                    ],
                    [
                        2.18351125181,
                        48.71274090203
                    ]
                ]
            }
        },
        {
            "type": "Feature",
            "properties": {
                "type": "parking_route"
            },
            "geometry": {
                "type": "LineString",
                "coordinates": [
                    [
                        2.51309573516,
                        48.37585166846
                    ],
                    [
                        2.51326739653,
                        48.37578129386
                    ],
                    [
                        2.51360535488,
                        48.37560847483
                    ],
                    [
                        2.51368582114,
                        48.37554433565
                    ],
                    [
                        2.51375019416,
                        48.37540893046
                    ],
                    [
                        2.51381456717,
                        48.37535459013
                    ]
                ]
            }
        },
        {
            "type": "Feature",
            "properties": {
                "type": "parking_route"
            },
            "geometry": {
                "type": "LineString",
                "coordinates": [
                    [
                        2.52316005394,
                        48.38693311700
                    ],
                    [
                        2.52331428163,
                        48.38693356187
                    ],
                    [
                        2.52347990803,
                        48.38691396816
                    ],
                    [
                        2.52351075344,
                        48.38691352284
                    ],
                    [
                        2.52363413505,
                        48.38691797596
                    ],
                    [
                        2.52382859521,
                        48.38692331970
                    ],
                    [
                        2.52438515358,
                        48.38690728848
                    ],
                    [
                        2.52446897261,
                        48.38690417130
                    ],
                    [
                        2.52465538613,
                        48.38690328067
                    ],
                    [
                        2.52506308191,
                        48.38693712436
                    ],
                    [
                        2.52546138995,
                        48.38697185864
                    ],
                    [
                        2.52614870534,
                        48.38697319503
                    ],
                    [
                        2.52648532324,
                        48.38700792884
                    ],
                    [
                        2.52685278386,
                        48.38708274236
                    ],
                    [
                        2.52696543664,
                        48.38710589849
                    ],
                    [
                        2.52738587491,
                        48.38714686566
                    ],
                    [
                        2.52767220072,
                        48.38718338104
                    ],
                    [
                        2.52796590261,
                        48.38718605290
                    ],
                    [
                        2.52821333639,
                        48.38718427166
                    ],
                    [
                        2.52856336467,
                        48.38717313892
                    ],
                    [
                        2.52882085674,
                        48.38713885008
                    ],
                    [
                        2.52928018503,
                        48.38713038919
                    ],
                    [
                        2.52975426547,
                        48.38703153032
                    ],
                    [
                        2.53024712138,
                        48.38697274927
                    ],
                    [
                        2.53050863475,
                        48.38695805533
                    ],
                    [
                        2.53090292148,
                        48.38687700727
                    ],
                    [
                        2.53129318290,
                        48.38688947601
                    ],
                    [
                        2.53164455228,
                        48.38690773379
                    ],
                    [
                        2.53187052839,
                        48.38691574940
                    ],
                    [
                        2.53220647506,
                        48.38695092901
                    ],
                    [
                        2.53227889270,
                        48.38693846163
                    ],
                    [
                        2.53257393569,
                        48.38684583675
                    ],
                    [
                        2.53296553820,
                        48.38681199300
                    ],
                    [
                        2.53310166232,
                        48.38679417916
                    ],
                    [
                        2.53333568305,
                        48.38675855546
                    ],
                    [
                        2.53357976608,
                        48.38674252285
                    ],
                    [
                        2.53383792869,
                        48.38678749946
                    ],
                    [
                        2.53408871525,
                        48.38680931979
                    ],
                    [
                        2.53429457479,
                        48.38678883541
                    ],
                    [
                        2.53471098773,
                        48.38681243698
                    ],
                    [
                        2.53502078288,
                        48.38681867136
                    ],
                    [
                        2.53525547616,
                        48.38682223386
                    ],
                    [
                        2.53549151056,
                        48.38683514792
                    ],
                    [
                        2.53578588299,
                        48.38688903069
                    ],
                    [
                        2.53619760208,
                        48.38702529597
                    ],
                    [
                        2.53632165425,
                        48.38704221777
                    ],
                    [
                        2.53644302420,
                        48.38706938171
                    ],
                    [
                        2.53641486101,
                        48.38711346742
                    ],
                    [
                        2.53641150825,
                        48.38719317785
                    ]
                ]
            }
        },
        {
            "type": "Feature",
            "properties": {
                "type": "parking_route"
            },
            "geometry": {
                "type": "LineString",
                "coordinates": [
                    [
                        2.73459184751,
                        48.27069548747
                    ],
                    [
                        2.73328024730,
                        48.27033306808
                    ],
                    [
                        2.73314547703,
                        48.27024558000
                    ],
                    [
                        2.73196398675,
                        48.26983315361
                    ],
                    [
                        2.73110031545,
                        48.26949036698
                    ],
                    [
                        2.73054241598,
                        48.26923684623
                    ],
                    [
                        2.73040830553,
                        48.26912972441
                    ],
                    [
                        2.73011326253,
                        48.26861910730
                    ],
                    [
                        2.73036539018,
                        48.26849770108
                    ],
                    [
                        2.73086428106,
                        48.26819775507
                    ],
                    [
                        2.73132025659,
                        48.26829416648
                    ]
                ]
            }
        },
        {
            "type": "Feature",
            "properties": {
                "type": "parking_route"
            },
            "geometry": {
                "type": "LineString",
                "coordinates": [
                    [
                        2.54625586510,
                        48.40132178433
                    ],
                    [
                        2.54643290967,
                        48.40134136003
                    ],
                    [
                        2.54664748639,
                        48.40137519412
                    ],
                    [
                        2.54667833313,
                        48.40127191016
                    ],
                    [
                        2.54665955767,
                        48.40119444772
                    ],
                    [
                        2.54690766200,
                        48.40112677929
                    ],
                    [
                        2.54659518465,
                        48.40046789774
                    ],
                    [
                        2.54630416498,
                        48.39985530831
                    ],
                    [
                        2.54606544837,
                        48.39921243764
                    ],
                    [
                        2.54590585694,
                        48.39854640793
                    ],
                    [
                        2.54573419556,
                        48.39819825256
                    ],
                    [
                        2.54525005549,
                        48.39708342792
                    ],
                    [
                        2.54519104823,
                        48.39696677854
                    ],
                    [
                        2.54517093167,
                        48.39681005953
                    ],
                    [
                        2.54513740271,
                        48.39671478215
                    ],
                    [
                        2.54500865668,
                        48.39662395597
                    ],
                    [
                        2.54501536355,
                        48.39651264827
                    ],
                    [
                        2.54498719901,
                        48.39646189317
                    ],
                    [
                        2.54498451680,
                        48.39632120087
                    ],
                    [
                        2.54485711322,
                        48.39608433739
                    ],
                    [
                        2.54469483957,
                        48.39572013672
                    ]
                ]
            }
        },
        {
            "type": "Feature",
            "properties": {
                "googleUrl": "https://maps.app.goo.gl/KRjHCV7bHrJbc2qSA",
                "shortName": "Canche aux Merciers",
                "type": "parking",
                "name": "Parking Canche aux Merciers"
            },
            "geometry": {
                "type": "Point",
                "coordinates": [
                    2.55305528104,
                    48.39047411404
                ]
            }
        },
        {
            "type": "Feature",
            "properties": {
                "type": "parking_route"
            },
            "geometry": {
                "type": "LineString",
                "coordinates": [
                    [
                        2.43752047285,
                        48.29433554302
                    ],
                    [
                        2.43730589613,
                        48.29452915926
                    ],
                    [
                        2.43693440884,
                        48.29441673791
                    ],
                    [
                        2.43644892901,
                        48.29418118574
                    ],
                    [
                        2.43607610330,
                        48.29392957111
                    ],
                    [
                        2.43589371309,
                        48.29382160881
                    ],
                    [
                        2.43573814362,
                        48.29374398377
                    ],
                    [
                        2.43549138039,
                        48.29394920148
                    ],
                    [
                        2.43608414859,
                        48.29345310854
                    ],
                    [
                        2.43634968728,
                        48.29321576740
                    ]
                ]
            }
        },
        {
            "type": "Feature",
            "properties": {
                "name": "Parking Mée / Guichot / Diplodocus",
                "shortName": "Mée / Guichot / Diplodocus",
                "type": "parking",
                "googleUrl": "https://goo.gl/maps/G2Wgib3dKdsmrgeK9"
            },
            "geometry": {
                "type": "Point",
                "coordinates": [
                    2.52678572059,
                    48.36375739724
                ]
            }
        },
        {
            "type": "Feature",
            "properties": {
                "type": "parking_route"
            },
            "geometry": {
                "type": "LineString",
                "coordinates": [
                    [
                        2.56141707167,
                        48.39164340474
                    ],
                    [
                        2.56139695510,
                        48.39148934096
                    ],
                    [
                        2.56108045444,
                        48.39148934096
                    ],
                    [
                        2.56048232183,
                        48.39154188300
                    ],
                    [
                        2.55986809596,
                        48.39155613167
                    ],
                    [
                        2.55882873997,
                        48.39166388717
                    ],
                    [
                        2.55851357907,
                        48.39173156908
                    ],
                    [
                        2.55797177285,
                        48.39191680089
                    ],
                    [
                        2.55766868457,
                        48.39197023212
                    ],
                    [
                        2.55692034692,
                        48.39215368289
                    ],
                    [
                        2.55612708561,
                        48.39235271501
                    ],
                    [
                        2.55598559909,
                        48.39236251082
                    ],
                    [
                        2.55590110950,
                        48.39240525616
                    ],
                    [
                        2.55584074974,
                        48.39242619022
                    ],
                    [
                        2.55591451854,
                        48.39252058065
                    ],
                    [
                        2.55612372816,
                        48.39266662838
                    ],
                    [
                        2.55635976255,
                        48.39281623599
                    ],
                    [
                        2.55647777975,
                        48.39293734659
                    ]
                ]
            }
        },
        {
            "type": "Feature",
            "properties": {
                "shortName": "Rocher Canon",
                "googleUrl": "https://goo.gl/maps/cHBDr9iCQwRj6kr78",
                "type": "parking",
                "name": "Parking Rocher Canon"
            },
            "geometry": {
                "type": "Point",
                "coordinates": [
                    2.66537278623,
                    48.46341571967
                ]
            }
        },
        {
            "type": "Feature",
            "properties": {
                "type": "trainstation_route"
            },
            "geometry": {
                "type": "LineString",
                "coordinates": [
                    [
                        2.69208490580,
                        48.47557433104
                    ],
                    [
                        2.69225388497,
                        48.47569168826
                    ],
                    [
                        2.69313364953,
                        48.47512979367
                    ],
                    [
                        2.69325434893,
                        48.47507467077
                    ],
                    [
                        2.69334822625,
                        48.47505511101
                    ],
                    [
                        2.69334286183,
                        48.47496798110
                    ],
                    [
                        2.69337236613,
                        48.47488085104
                    ],
                    [
                        2.69327044219,
                        48.47483639687
                    ],
                    [
                        2.69319802254,
                        48.47478305182
                    ],
                    [
                        2.69314169616,
                        48.47473681939
                    ],
                    [
                        2.69306391209,
                        48.47464791076
                    ],
                    [
                        2.69301026791,
                        48.47455366744
                    ],
                    [
                        2.69297271699,
                        48.47446298031
                    ],
                    [
                        2.69293784827,
                        48.47433850751
                    ],
                    [
                        2.69270986050,
                        48.47343518149
                    ],
                    [
                        2.69261330098,
                        48.47312577084
                    ],
                    [
                        2.69248455495,
                        48.47308309336
                    ],
                    [
                        2.69140362471,
                        48.47270255093
                    ],
                    [
                        2.69012421101,
                        48.47231489262
                    ],
                    [
                        2.68715266071,
                        48.47138996749
                    ],
                    [
                        2.68551885948,
                        48.47089938026
                    ],
                    [
                        2.68462434344,
                        48.47063174413
                    ],
                    [
                        2.68445067041,
                        48.47053038008
                    ],
                    [
                        2.68424212866,
                        48.47045346775
                    ],
                    [
                        2.68151566319,
                        48.46982793942
                    ],
                    [
                        2.68023557894,
                        48.46940113528
                    ],
                    [
                        2.68002703719,
                        48.46911926475
                    ],
                    [
                        2.67899908058,
                        48.46865688698
                    ],
                    [
                        2.67630346052,
                        48.46779036192
                    ],
                    [
                        2.67352200978,
                        48.46686157645
                    ],
                    [
                        2.67158176716,
                        48.46625223216
                    ],
                    [
                        2.66764763709,
                        48.46500217579
                    ],
                    [
                        2.66755945913,
                        48.46501017932
                    ],
                    [
                        2.66747899286,
                        48.46500084213
                    ],
                    [
                        2.66744881801,
                        48.46499506196
                    ],
                    [
                        2.66741596095,
                        48.46495949170
                    ],
                    [
                        2.66738846831,
                        48.46490835941
                    ],
                    [
                        2.66682453386,
                        48.46472917365
                    ],
                    [
                        2.66509383649,
                        48.46417338389
                    ],
                    [
                        2.66504689917,
                        48.46414759415
                    ],
                    [
                        2.66503751211,
                        48.46412402802
                    ],
                    [
                        2.66503684190,
                        48.46410046209
                    ],
                    [
                        2.66525611147,
                        48.46364871063
                    ],
                    [
                        2.66537278623,
                        48.46341571967
                    ]
                ]
            }
        },
        {
            "type": "Feature",
            "properties": {
                "name": "Parking Beauvais Télégraphe",
                "shortName": "Beauvais Télégraphe",
                "type": "parking",
                "googleUrl": "https://maps.app.goo.gl/ryk27YnErr7jpht68"
            },
            "geometry": {
                "type": "Point",
                "coordinates": [
                    2.46838116931,
                    48.50284579319
                ]
            }
        },
        {
            "type": "Feature",
            "properties": {
                "type": "parking_route"
            },
            "geometry": {
                "type": "LineString",
                "coordinates": [
                    [
                        2.51104099140,
                        48.37303420285
                    ],
                    [
                        2.51076220930,
                        48.37309273602
                    ],
                    [
                        2.51025259361,
                        48.37328515989
                    ],
                    [
                        2.50988110765,
                        48.37336355567
                    ],
                    [
                        2.50893428787,
                        48.37367446507
                    ],
                    [
                        2.50865399301,
                        48.37385174760
                    ],
                    [
                        2.50838979945,
                        48.37396131961
                    ],
                    [
                        2.50843539700,
                        48.37431320419
                    ],
                    [
                        2.50799149007,
                        48.37613940244
                    ],
                    [
                        2.50799953669,
                        48.37719767610
                    ],
                    [
                        2.50805317819,
                        48.37771789862
                    ],
                    [
                        2.50815644726,
                        48.37806530067
                    ],
                    [
                        2.50831737980,
                        48.37841359379
                    ],
                    [
                        2.50837370619,
                        48.37881176742
                    ],
                    [
                        2.50792175397,
                        48.37938630776
                    ],
                    [
                        2.50752210483,
                        48.37980585172
                    ],
                    [
                        2.50702320993,
                        48.38008376696
                    ],
                    [
                        2.50683411822,
                        48.38035276796
                    ],
                    [
                        2.50573574960,
                        48.38111701834
                    ],
                    [
                        2.50568210945,
                        48.38111167132
                    ],
                    [
                        2.50507056177,
                        48.38088899225
                    ],
                    [
                        2.50423237547,
                        48.38058168718
                    ],
                    [
                        2.50408753618,
                        48.38049350441
                    ],
                    [
                        2.50383674964,
                        48.38025033296
                    ],
                    [
                        2.50405266747,
                        48.38015680516
                    ]
                ]
            }
        },
        {
            "type": "Feature",
            "properties": {
                "type": "parking_route"
            },
            "geometry": {
                "type": "LineString",
                "coordinates": [
                    [
                        2.60118216008,
                        48.30328841152
                    ],
                    [
                        2.60180175036,
                        48.30346504424
                    ]
                ]
            }
        },
        {
            "type": "Feature",
            "properties": {
                "shortName": "Feuillardière",
                "type": "parking",
                "googleUrl": "https://goo.gl/maps/LknDGWe7VnC5VcPi9",
                "name": "Parking de la Feuillardière"
            },
            "geometry": {
                "type": "Point",
                "coordinates": [
                    2.54625586510,
                    48.40132178433
                ]
            }
        },
        {
            "type": "Feature",
            "properties": {
                "type": "parking_route"
            },
            "geometry": {
                "type": "LineString",
                "coordinates": [
                    [
                        2.53451317012,
                        48.35936621532
                    ],
                    [
                        2.53469019994,
                        48.35969057399
                    ],
                    [
                        2.53491550416,
                        48.35988126988
                    ],
                    [
                        2.53514483437,
                        48.35992760598
                    ],
                    [
                        2.53555655346,
                        48.36004523046
                    ],
                    [
                        2.53563567862,
                        48.36012275555
                    ],
                    [
                        2.53573760256,
                        48.36018424088
                    ]
                ]
            }
        },
        {
            "type": "Feature",
            "properties": {
                "type": "parking_route"
            },
            "geometry": {
                "type": "LineString",
                "coordinates": [
                    [
                        2.56317793787,
                        48.38727689904
                    ],
                    [
                        2.56290703744,
                        48.38734814658
                    ],
                    [
                        2.56260663003,
                        48.38740870842
                    ],
                    [
                        2.56241082877,
                        48.38748886369
                    ],
                    [
                        2.56227671832,
                        48.38758148740
                    ],
                    [
                        2.56223916739,
                        48.38771151655
                    ],
                    [
                        2.56225526065,
                        48.38798760475
                    ],
                    [
                        2.56229147181,
                        48.38802946226
                    ],
                    [
                        2.56234109268,
                        48.38810160113
                    ],
                    [
                        2.56248727307,
                        48.38821203575
                    ],
                    [
                        2.56279170379,
                        48.38839015558
                    ],
                    [
                        2.56299689278,
                        48.38853977577
                    ],
                    [
                        2.56352797017,
                        48.38882476537
                    ],
                    [
                        2.56364866957,
                        48.38887731016
                    ],
                    [
                        2.56367414922,
                        48.38908303671
                    ],
                    [
                        2.56352260575,
                        48.38924957504
                    ],
                    [
                        2.56352662906,
                        48.38945529920
                    ],
                    [
                        2.56346896157,
                        48.38965211678
                    ],
                    [
                        2.56345420942,
                        48.38978659351
                    ],
                    [
                        2.56332278118,
                        48.38996381727
                    ],
                    [
                        2.56307467684,
                        48.39007959125
                    ]
                ]
            }
        },
        {
            "type": "Feature",
            "properties": {
                "shortName": "Isatis",
                "type": "parking",
                "name": "Parking Isatis",
                "googleUrl": "https://maps.app.goo.gl/Z1RzBjsZbmeYDYw18"
            },
            "geometry": {
                "type": "Point",
                "coordinates": [
                    2.59847983182,
                    48.41111580528
                ]
            }
        },
        {
            "type": "Feature",
            "properties": {
                "type": "parking_route"
            },
            "geometry": {
                "type": "LineString",
                "coordinates": [
                    [
                        2.69871264562,
                        48.42090527812
                    ],
                    [
                        2.69987270102,
                        48.42062491838
                    ],
                    [
                        2.69992500409,
                        48.42066852999
                    ],
                    [
                        2.69990891084,
                        48.42076999361
                    ],
                    [
                        2.69997596607,
                        48.42085098635
                    ]
                ]
            }
        },
        {
            "type": "Feature",
            "properties": {
                "shortName": "ZA du Chenet",
                "name": "Parking ZA du Chenet",
                "type": "parking",
                "googleUrl": "https://maps.app.goo.gl/Ck8mEyReyvvwGJqS9"
            },
            "geometry": {
                "type": "Point",
                "coordinates": [
                    2.42181274105,
                    48.39738175544
                ]
            }
        },
        {
            "type": "Feature",
            "properties": {
                "type": "trainstation_route"
            },
            "geometry": {
                "type": "LineString",
                "coordinates": [
                    [
                        2.19139156580,
                        48.70491772535
                    ],
                    [
                        2.19109653354,
                        48.70494603969
                    ],
                    [
                        2.19094632983,
                        48.70514428921
                    ],
                    [
                        2.19092487216,
                        48.70525757430
                    ],
                    [
                        2.19120382190,
                        48.70533545765
                    ],
                    [
                        2.19134329677,
                        48.70541334088
                    ],
                    [
                        2.19210504413,
                        48.70606472317
                    ],
                    [
                        2.19339250445,
                        48.70713382148
                    ],
                    [
                        2.19315379590,
                        48.70724001675
                    ],
                    [
                        2.19312965602,
                        48.70730727700
                    ],
                    [
                        2.19369291186,
                        48.70814625789
                    ],
                    [
                        2.19325571984,
                        48.70824006121
                    ],
                    [
                        2.19303846091,
                        48.70830378019
                    ],
                    [
                        2.19285070628,
                        48.70840820833
                    ],
                    [
                        2.19321012229,
                        48.70915512873
                    ],
                    [
                        2.19326108426,
                        48.70919937722
                    ],
                    [
                        2.19338714540,
                        48.70952327676
                    ],
                    [
                        2.19352125585,
                        48.70979584486
                    ],
                    [
                        2.19360172212,
                        48.70997637616
                    ],
                    [
                        2.19381093442,
                        48.71044009084
                    ],
                    [
                        2.19327985704,
                        48.71056752314
                    ]
                ]
            }
        },
        {
            "type": "Feature",
            "properties": {
                "type": "parking_route"
            },
            "geometry": {
                "type": "LineString",
                "coordinates": [
                    [
                        2.67790674627,
                        48.40478698071
                    ],
                    [
                        2.67787724465,
                        48.40484395878
                    ],
                    [
                        2.67772972316,
                        48.40496860198
                    ],
                    [
                        2.67727374762,
                        48.40500243365
                    ],
                    [
                        2.67665147513,
                        48.40498818874
                    ],
                    [
                        2.67648517817,
                        48.40499887243
                    ],
                    [
                        2.67629474133,
                        48.40491696412
                    ],
                    [
                        2.67606675491,
                        48.40481724860
                    ],
                    [
                        2.67588168249,
                        48.40468637284
                    ],
                    [
                        2.67562016711,
                        48.40458309650
                    ],
                    [
                        2.67554506525,
                        48.40446201362
                    ],
                    [
                        2.67541766033,
                        48.40436853032
                    ],
                    [
                        2.67503276333,
                        48.40430531770
                    ],
                    [
                        2.67490669951,
                        48.40434093046
                    ],
                    [
                        2.67478063568,
                        48.40435784650
                    ],
                    [
                        2.67465993628,
                        48.40430798866
                    ],
                    [
                        2.67237402432,
                        48.40308200414
                    ],
                    [
                        2.67043009333,
                        48.40200690664
                    ],
                    [
                        2.66733817689,
                        48.40042515873
                    ],
                    [
                        2.66723155908,
                        48.40039354998
                    ],
                    [
                        2.66312040322,
                        48.40053779256
                    ],
                    [
                        2.66310229830,
                        48.40060635217
                    ]
                ]
            }
        },
        {
            "type": "Feature",
            "properties": {
                "name": "Gare Nemours Saint-Pierre",
                "shortName": "Nemours Saint-Pierre",
                "googleUrl": "https://goo.gl/maps/LcVDbxBM4uWkRUV77",
                "type": "trainstation"
            },
            "geometry": {
                "type": "Point",
                "coordinates": [
                    2.68556177482,
                    48.26784245692
                ]
            }
        },
        {
            "type": "Feature",
            "properties": {
                "type": "parking_route"
            },
            "geometry": {
                "type": "LineString",
                "coordinates": [
                    [
                        2.63755022943,
                        48.43971433131
                    ],
                    [
                        2.63750463456,
                        48.43874988657
                    ],
                    [
                        2.63752609223,
                        48.43865557659
                    ],
                    [
                        2.63735443085,
                        48.43857372250
                    ],
                    [
                        2.63731419772,
                        48.43849898604
                    ],
                    [
                        2.63726055354,
                        48.43828545270
                    ],
                    [
                        2.63788550824,
                        48.43793845912
                    ]
                ]
            }
        },
        {
            "type": "Feature",
            "properties": {
                "name": "Parking Petit Bois",
                "googleUrl": "https://goo.gl/maps/F6thFWF4uh4xEGWK9",
                "shortName": "Petit Bois",
                "type": "parking"
            },
            "geometry": {
                "type": "Point",
                "coordinates": [
                    2.67122536764,
                    48.26418848359
                ]
            }
        },
        {
            "type": "Feature",
            "properties": {
                "type": "parking_route"
            },
            "geometry": {
                "type": "LineString",
                "coordinates": [
                    [
                        2.47941858999,
                        48.50377670511
                    ],
                    [
                        2.47968077593,
                        48.50391932144
                    ],
                    [
                        2.48012870483,
                        48.50372161334
                    ],
                    [
                        2.48017296128,
                        48.50368873596
                    ],
                    [
                        2.48020447724,
                        48.50365896859
                    ],
                    [
                        2.48022593491,
                        48.50362609117
                    ],
                    [
                        2.48023062877,
                        48.50358654938
                    ],
                    [
                        2.48020246491,
                        48.50350480041
                    ],
                    [
                        2.48018637165,
                        48.50347281148
                    ],
                    [
                        2.48017027840,
                        48.50342393945
                    ],
                    [
                        2.48017430037,
                        48.50336884818
                    ],
                    [
                        2.48048141465,
                        48.50311826608
                    ],
                    [
                        2.48053103551,
                        48.50309160843
                    ],
                    [
                        2.48062893614,
                        48.50306495076
                    ],
                    [
                        2.48057663172,
                        48.50292899736
                    ]
                ]
            }
        },
        {
            "type": "Feature",
            "properties": {
                "googleUrl": "https://maps.app.goo.gl/kADKnaJDhMzJmAvH7",
                "shortName": "Musée de Préhistoire",
                "type": "parking",
                "name": "Parking Musée de Préhistoire"
            },
            "geometry": {
                "type": "Point",
                "coordinates": [
                    2.71494066060,
                    48.26079854027
                ]
            }
        },
        {
            "type": "Feature",
            "properties": {
                "type": "parking_route"
            },
            "geometry": {
                "type": "LineString",
                "coordinates": [
                    [
                        2.62405134469,
                        48.43812085348
                    ],
                    [
                        2.62401446566,
                        48.43765552324
                    ],
                    [
                        2.62401312456,
                        48.43733788680
                    ],
                    [
                        2.62406542763,
                        48.43708164083
                    ],
                    [
                        2.62409224972,
                        48.43674175703
                    ],
                    [
                        2.62413382396,
                        48.43637072945
                    ],
                    [
                        2.62390315399,
                        48.43639831193
                    ],
                    [
                        2.62350618571,
                        48.43619277850
                    ],
                    [
                        2.62329160899,
                        48.43602550320
                    ],
                    [
                        2.62302607030,
                        48.43587780221
                    ]
                ]
            }
        },
        {
            "type": "Feature",
            "properties": {
                "type": "parking_route"
            },
            "geometry": {
                "type": "LineString",
                "coordinates": [
                    [
                        2.42181274105,
                        48.39738175544
                    ],
                    [
                        2.42232504700,
                        48.39743517915
                    ],
                    [
                        2.42233514249,
                        48.39775304030
                    ],
                    [
                        2.42228149831,
                        48.39810565085
                    ],
                    [
                        2.42195426881,
                        48.39885716619
                    ],
                    [
                        2.42155730188,
                        48.39925607029
                    ],
                    [
                        2.42121397913,
                        48.39948757570
                    ],
                    [
                        2.42102622449,
                        48.39958373918
                    ],
                    [
                        2.42066680849,
                        48.39971908006
                    ],
                    [
                        2.42128908098,
                        48.40193078397
                    ],
                    [
                        2.42173432767,
                        48.40222638285
                    ],
                    [
                        2.42190062463,
                        48.40354765320
                    ],
                    [
                        2.42177724302,
                        48.40380762958
                    ],
                    [
                        2.42360114515,
                        48.40405335945
                    ],
                    [
                        2.42384254396,
                        48.40406048204
                    ],
                    [
                        2.42389618814,
                        48.40436319108
                    ],
                    [
                        2.42403566301,
                        48.40452344808
                    ],
                    [
                        2.42452382505,
                        48.40479410320
                    ],
                    [
                        2.42465257108,
                        48.40502558341
                    ],
                    [
                        2.42518364847,
                        48.40529979706
                    ],
                    [
                        2.42522119939,
                        48.40553483616
                    ],
                    [
                        2.42554306448,
                        48.40584465876
                    ],
                    [
                        2.42592930257,
                        48.40610462340
                    ],
                    [
                        2.42625116765,
                        48.40638595350
                    ],
                    [
                        2.42688953340,
                        48.40677055415
                    ],
                    [
                        2.42767273843,
                        48.40607969534
                    ],
                    [
                        2.42793559492,
                        48.40593368790
                    ],
                    [
                        2.42805897653,
                        48.40591232092
                    ],
                    [
                        2.42814480722,
                        48.40604408381
                    ],
                    [
                        2.42824136674,
                        48.40631473084
                    ],
                    [
                        2.42841839254,
                        48.40664235426
                    ],
                    [
                        2.42931961477,
                        48.40675987084
                    ],
                    [
                        2.42999553144,
                        48.40704831948
                    ],
                    [
                        2.43017792165,
                        48.40689519263
                    ],
                    [
                        2.43051587999,
                        48.40689519263
                    ]
                ]
            }
        },
        {
            "type": "Feature",
            "properties": {
                "type": "parking_route"
            },
            "geometry": {
                "type": "LineString",
                "coordinates": [
                    [
                        2.72533422053,
                        48.41945452437
                    ],
                    [
                        2.72528998487,
                        48.41946786138
                    ],
                    [
                        2.72504858606,
                        48.41949100277
                    ],
                    [
                        2.72499695353,
                        48.41949411796
                    ],
                    [
                        2.72454231843,
                        48.41948121263
                    ],
                    [
                        2.72436529263,
                        48.41947498226
                    ],
                    [
                        2.72391602263,
                        48.41948566289
                    ],
                    [
                        2.72374838457,
                        48.41952215507
                    ],
                    [
                        2.72361561522,
                        48.41957555820
                    ],
                    [
                        2.72331118450,
                        48.41977225926
                    ],
                    [
                        2.72320389614,
                        48.41981676165
                    ],
                    [
                        2.72308587893,
                        48.41985147350
                    ],
                    [
                        2.72296517954,
                        48.41986838438
                    ],
                    [
                        2.72278278932,
                        48.41987995499
                    ],
                    [
                        2.72267684206,
                        48.41987194457
                    ],
                    [
                        2.72253870830,
                        48.41983456260
                    ],
                    [
                        2.72241264448,
                        48.41981498156
                    ],
                    [
                        2.72220343217,
                        48.41980786118
                    ],
                    [
                        2.72207736834,
                        48.41981765170
                    ],
                    [
                        2.72187620267,
                        48.41983901284
                    ],
                    [
                        2.72162943944,
                        48.41991288669
                    ],
                    [
                        2.72096425161,
                        48.42008733538
                    ],
                    [
                        2.72038355336,
                        48.42026356355
                    ],
                    [
                        2.71894588932,
                        48.42083229573
                    ],
                    [
                        2.71887212857,
                        48.42084520116
                    ],
                    [
                        2.71875478260,
                        48.42085009588
                    ],
                    [
                        2.71861329541,
                        48.42085632652
                    ],
                    [
                        2.71836854383,
                        48.42086656186
                    ],
                    [
                        2.71814659104,
                        48.42087679720
                    ],
                    [
                        2.71800577506,
                        48.42090527812
                    ],
                    [
                        2.71746799216,
                        48.42108862365
                    ],
                    [
                        2.71715149149,
                        48.42119631659
                    ],
                    [
                        2.71702140436,
                        48.42124170776
                    ],
                    [
                        2.71656274661,
                        48.42139924151
                    ],
                    [
                        2.71640583739,
                        48.42142950218
                    ],
                    [
                        2.71634951099,
                        48.42143484230
                    ],
                    [
                        2.71626502141,
                        48.42143573231
                    ],
                    [
                        2.71620601282,
                        48.42143039220
                    ],
                    [
                        2.71616309747,
                        48.42141259181
                    ],
                    [
                        2.71607324347,
                        48.42135652055
                    ],
                    [
                        2.71568566427,
                        48.42095244960
                    ],
                    [
                        2.71549254522,
                        48.42067476022
                    ],
                    [
                        2.71527260408,
                        48.42047806266
                    ],
                    [
                        2.71519347891,
                        48.42042822062
                    ],
                    [
                        2.71514251694,
                        48.42037926858
                    ],
                    [
                        2.71507009730,
                        48.42040240955
                    ],
                    [
                        2.71482467517,
                        48.42046115197
                    ]
                ]
            }
        },
        {
            "type": "Feature",
            "properties": {
                "type": "parking_route"
            },
            "geometry": {
                "type": "LineString",
                "coordinates": [
                    [
                        2.50792175397,
                        48.37938630776
                    ],
                    [
                        2.50781714380,
                        48.37932128526
                    ],
                    [
                        2.50772058427,
                        48.37915738583
                    ],
                    [
                        2.50760793418,
                        48.37908968630
                    ]
                ]
            }
        },
        {
            "type": "Feature",
            "properties": {
                "shortName": "Éléphant",
                "googleUrl": "https://goo.gl/maps/UYrz7DAxqSLdc5yeA",
                "type": "parking",
                "name": "Parking Éléphant"
            },
            "geometry": {
                "type": "Point",
                "coordinates": [
                    2.59709178865,
                    48.29303374742
                ]
            }
        },
        {
            "type": "Feature",
            "properties": {
                "type": "parking_route"
            },
            "geometry": {
                "type": "LineString",
                "coordinates": [
                    [
                        2.62431084841,
                        48.43974991748
                    ],
                    [
                        2.62414455146,
                        48.43949368368
                    ],
                    [
                        2.62401580542,
                        48.43925168390
                    ],
                    [
                        2.62393533915,
                        48.43919118377
                    ],
                    [
                        2.62378245324,
                        48.43908085983
                    ],
                    [
                        2.62334257096,
                        48.43888334379
                    ],
                    [
                        2.62279540032,
                        48.43843492613
                    ],
                    [
                        2.62251645058,
                        48.43832993889
                    ],
                    [
                        2.62241720885,
                        48.43824096648
                    ],
                    [
                        2.62222945422,
                        48.43812708157
                    ]
                ]
            }
        },
        {
            "type": "Feature",
            "properties": {
                "type": "parking_route"
            },
            "geometry": {
                "type": "LineString",
                "coordinates": [
                    [
                        2.53644302420,
                        48.38706938171
                    ],
                    [
                        2.53658048742,
                        48.38696117118
                    ],
                    [
                        2.53671057455,
                        48.38690060880
                    ],
                    [
                        2.53682926230,
                        48.38686053072
                    ],
                    [
                        2.53683060341,
                        48.38671179623
                    ]
                ]
            }
        },
        {
            "type": "Feature",
            "properties": {
                "type": "parking_route"
            },
            "geometry": {
                "type": "LineString",
                "coordinates": [
                    [
                        2.52327136628,
                        48.38243126286
                    ],
                    [
                        2.52339139514,
                        48.38245664785
                    ],
                    [
                        2.52357512645,
                        48.38260049594
                    ],
                    [
                        2.52375081114,
                        48.38273989013
                    ],
                    [
                        2.52384468779,
                        48.38282896015
                    ],
                    [
                        2.52438247070,
                        48.38358515454
                    ],
                    [
                        2.52460509405,
                        48.38404741626
                    ],
                    [
                        2.52472579345,
                        48.38449007912
                    ],
                    [
                        2.52469360694,
                        48.38474569959
                    ],
                    [
                        2.52458765969,
                        48.38522041991
                    ],
                    [
                        2.52453401551,
                        48.38551522523
                    ],
                    [
                        2.52451121673,
                        48.38581448206
                    ],
                    [
                        2.52430804007,
                        48.38623753514
                    ],
                    [
                        2.52419069342,
                        48.38641343531
                    ],
                    [
                        2.52414107256,
                        48.38645930285
                    ],
                    [
                        2.52380311422,
                        48.38663965539
                    ],
                    [
                        2.52337999575,
                        48.38678883540
                    ],
                    [
                        2.52327471904,
                        48.38683915573
                    ],
                    [
                        2.52322710983,
                        48.38688591351
                    ],
                    [
                        2.52316005394,
                        48.38693311700
                    ],
                    [
                        2.52272285454,
                        48.38702885845
                    ],
                    [
                        2.52260147989,
                        48.38704533806
                    ],
                    [
                        2.52250894770,
                        48.38706047595
                    ],
                    [
                        2.52112492785,
                        48.38725819341
                    ],
                    [
                        2.52079099283,
                        48.38736595800
                    ],
                    [
                        2.52020090684,
                        48.38755565876
                    ],
                    [
                        2.51987635955,
                        48.38766164151
                    ],
                    [
                        2.51953035459,
                        48.38778276437
                    ],
                    [
                        2.51919726182,
                        48.38787649315
                    ],
                    [
                        2.51899391279,
                        48.38795465148
                    ],
                    [
                        2.51833543047,
                        48.38811496017
                    ],
                    [
                        2.51675426692,
                        48.38820313063
                    ],
                    [
                        2.51615881786,
                        48.38829486155
                    ],
                    [
                        2.51603141293,
                        48.38828862735
                    ],
                    [
                        2.51586913928,
                        48.38824498796
                    ],
                    [
                        2.51583963498,
                        48.38824320676
                    ],
                    [
                        2.51673012704,
                        48.38872323890
                    ],
                    [
                        2.51732289523,
                        48.38905810031
                    ],
                    [
                        2.51814901561,
                        48.38948379861
                    ],
                    [
                        2.51838505000,
                        48.38960313599
                    ],
                    [
                        2.51874714822,
                        48.38981153044
                    ],
                    [
                        2.51910119981,
                        48.39008048270
                    ],
                    [
                        2.51907974213,
                        48.39027462617
                    ],
                    [
                        2.51872300833,
                        48.39036724481
                    ],
                    [
                        2.51818120211,
                        48.39088554985
                    ],
                    [
                        2.51794248551,
                        48.39108325245
                    ],
                    [
                        2.51752674311,
                        48.39129876521
                    ],
                    [
                        2.51715123385,
                        48.39140028744
                    ],
                    [
                        2.51696347922,
                        48.39145193902
                    ],
                    [
                        2.51676499576,
                        48.39153921226
                    ],
                    [
                        2.51666307181,
                        48.39163182860
                    ],
                    [
                        2.51658796996,
                        48.39174403662
                    ],
                    [
                        2.51643642649,
                        48.39214299562
                    ],
                    [
                        2.51636400685,
                        48.39222937714
                    ],
                    [
                        2.51631438598,
                        48.39226410782
                    ],
                    [
                        2.51611724362,
                        48.39240570186
                    ],
                    [
                        2.51602470741,
                        48.39247694400
                    ],
                    [
                        2.51583695278,
                        48.39255620077
                    ],
                    [
                        2.51558348403,
                        48.39262744269
                    ],
                    [
                        2.51531660423,
                        48.39262388060
                    ],
                    [
                        2.51519992813,
                        48.39264703420
                    ],
                    [
                        2.51497596368,
                        48.39275389687
                    ],
                    [
                        2.51489147410,
                        48.39280554708
                    ],
                    [
                        2.51499608025,
                        48.39294803013
                    ],
                    [
                        2.51497998700,
                        48.39303797236
                    ],
                    [
                        2.51503094762,
                        48.39317333155
                    ]
                ]
            }
        },
        {
            "type": "Feature",
            "properties": {
                "name": "Parking Mairie",
                "googleUrl": "https://goo.gl/maps/LwhqG8AesYZKXwXR7",
                "type": "parking",
                "shortName": "Mairie"
            },
            "geometry": {
                "type": "Point",
                "coordinates": [
                    2.68477320403,
                    48.26327517352
                ]
            }
        },
        {
            "type": "Feature",
            "properties": {
                "type": "parking_route"
            },
            "geometry": {
                "type": "LineString",
                "coordinates": [
                    [
                        2.64359861344,
                        48.44541875973
                    ],
                    [
                        2.64394998014,
                        48.44530133428
                    ],
                    [
                        2.64448910683,
                        48.44503267222
                    ],
                    [
                        2.64533668488,
                        48.44491168567
                    ],
                    [
                        2.64654099673,
                        48.44465725713
                    ],
                    [
                        2.64716058701,
                        48.44445442507
                    ],
                    [
                        2.64756828278,
                        48.44441528195
                    ],
                    [
                        2.64871090382,
                        48.44441706119
                    ],
                    [
                        2.64950751990,
                        48.44414127926
                    ],
                    [
                        2.64974891871,
                        48.44405409627
                    ],
                    [
                        2.65180080861,
                        48.44379966343
                    ],
                    [
                        2.65204220742,
                        48.44416796789
                    ],
                    [
                        2.65216693014,
                        48.44425781954
                    ]
                ]
            }
        },
        {
            "type": "Feature",
            "properties": {
                "name": "Parking de la Faisanderie",
                "shortName": "Faisanderie",
                "googleUrl": "https://goo.gl/maps/emBvq1NsvkRWk4UJA",
                "type": "parking"
            },
            "geometry": {
                "type": "Point",
                "coordinates": [
                    2.67790674627,
                    48.40478698071
                ]
            }
        },
        {
            "type": "Feature",
            "properties": {
                "type": "parking_route"
            },
            "geometry": {
                "type": "LineString",
                "coordinates": [
                    [
                        2.64344572753,
                        48.43721955204
                    ],
                    [
                        2.64341220126,
                        48.43758256491
                    ],
                    [
                        2.64329552516,
                        48.43784236728
                    ],
                    [
                        2.64291867480,
                        48.43824185531
                    ],
                    [
                        2.64279261097,
                        48.43860753092
                    ],
                    [
                        2.64264642924,
                        48.43886910837
                    ],
                    [
                        2.63993538849,
                        48.44302479061
                    ],
                    [
                        2.63832270831,
                        48.44467860783
                    ],
                    [
                        2.63756632537,
                        48.44528531968
                    ],
                    [
                        2.63748049468,
                        48.44528887808
                    ],
                    [
                        2.63734101981,
                        48.44533335814
                    ],
                    [
                        2.63726994261,
                        48.44538406446
                    ],
                    [
                        2.63729810581,
                        48.44549615391
                    ],
                    [
                        2.63741612300,
                        48.44571321531
                    ],
                    [
                        2.63741478190,
                        48.44575413662
                    ],
                    [
                        2.63737588987,
                        48.44581107056
                    ],
                    [
                        2.63737723097,
                        48.44584576465
                    ],
                    [
                        2.63740405306,
                        48.44587245239
                    ],
                    [
                        2.63745903701,
                        48.44589736183
                    ],
                    [
                        2.63752877444,
                        48.44595785397
                    ],
                    [
                        2.63764344089,
                        48.44596363496
                    ],
                    [
                        2.63769909673,
                        48.44594806714
                    ],
                    [
                        2.63778626651,
                        48.44603080027
                    ],
                    [
                        2.63779699534,
                        48.44613399243
                    ],
                    [
                        2.63787209920,
                        48.44615934431
                    ],
                    [
                        2.63779163227,
                        48.44662148268
                    ]
                ]
            }
        },
        {
            "type": "Feature",
            "properties": {
                "shortName": "Avon",
                "name": "Parking Avon",
                "type": "parking",
                "googleUrl": "https://maps.app.goo.gl/CtvgLs3CR6Eb8BaD9"
            },
            "geometry": {
                "type": "Point",
                "coordinates": [
                    2.72760003269,
                    48.39565513509
                ]
            }
        },
        {
            "type": "Feature",
            "properties": {
                "googleUrl": "https://goo.gl/maps/eo2LF9tR9XBKPw4DA",
                "shortName": "Vert Galant",
                "type": "parking",
                "name": "Parking Vert Galant"
            },
            "geometry": {
                "type": "Point",
                "coordinates": [
                    2.67992913455,
                    48.37735980025
                ]
            }
        },
        {
            "type": "Feature",
            "properties": {
                "type": "parking_route"
            },
            "geometry": {
                "type": "LineString",
                "coordinates": [
                    [
                        2.68477320403,
                        48.26327517352
                    ],
                    [
                        2.68534987897,
                        48.26324124768
                    ],
                    [
                        2.68534451455,
                        48.26316089691
                    ],
                    [
                        2.68520503968,
                        48.26306804697
                    ]
                ]
            }
        },
        {
            "type": "Feature",
            "properties": {
                "name": "Parking Gorges de Franchard",
                "type": "parking",
                "shortName": "Gorges de Franchard",
                "googleUrl": "https://goo.gl/maps/nhcV5UuM4ze1CyAS7"
            },
            "geometry": {
                "type": "Point",
                "coordinates": [
                    2.63639151514,
                    48.40852614797
                ]
            }
        },
        {
            "type": "Feature",
            "properties": {
                "type": "parking_route"
            },
            "geometry": {
                "type": "LineString",
                "coordinates": [
                    [
                        2.63825296283,
                        48.40409965981
                    ],
                    [
                        2.63701378763,
                        48.40430264942
                    ],
                    [
                        2.63609110773,
                        48.40444153901
                    ],
                    [
                        2.63503968179,
                        48.40458042823
                    ],
                    [
                        2.63448714674,
                        48.40467302082
                    ],
                    [
                        2.63178348005,
                        48.40503270586
                    ],
                    [
                        2.63093053758,
                        48.40503626708
                    ],
                    [
                        2.63046115369,
                        48.40510748976
                    ],
                    [
                        2.62779771745,
                        48.40522145045
                    ]
                ]
            }
        },
        {
            "type": "Feature",
            "properties": {
                "shortName": "Mont Sarrasin",
                "googleUrl": "https://maps.app.goo.gl/e6MXZUZzg6TZjJ5R9",
                "name": "Parking Mont Sarrasin",
                "type": "parking"
            },
            "geometry": {
                "type": "Point",
                "coordinates": [
                    2.65154330850,
                    48.26626235040
                ]
            }
        },
        {
            "type": "Feature",
            "properties": {
                "shortName": "Cabaret-Masson",
                "googleUrl": "https://goo.gl/maps/SSwTeWy6JXNDFQaS8",
                "type": "parking",
                "name": "Parking Cabaret-Masson"
            },
            "geometry": {
                "type": "Point",
                "coordinates": [
                    2.68927395076,
                    48.44077306040
                ]
            }
        },
        {
            "type": "Feature",
            "properties": {
                "type": "parking_route"
            },
            "geometry": {
                "type": "LineString",
                "coordinates": [
                    [
                        2.46838116931,
                        48.50284579319
                    ],
                    [
                        2.46862739056,
                        48.50260377186
                    ],
                    [
                        2.46932476491,
                        48.50294676918
                    ]
                ]
            }
        },
        {
            "type": "Feature",
            "properties": {
                "googleUrl": "https://maps.app.goo.gl/vx9xsZbVx6SER8uH7",
                "type": "trainstation",
                "shortName": "Le Guichet",
                "name": "Gare Le Guichet"
            },
            "geometry": {
                "type": "Point",
                "coordinates": [
                    2.19139156580,
                    48.70491772535
                ]
            }
        },
        {
            "type": "Feature",
            "properties": {
                "googleUrl": "https://goo.gl/maps/xbpjJdayrUHCvdxX6",
                "type": "parking",
                "name": "Parking Croix Saint Jérôme",
                "shortName": "Croix Saint Jérôme"
            },
            "geometry": {
                "type": "Point",
                "coordinates": [
                    2.51919726182,
                    48.38787649315
                ]
            }
        },
        {
            "type": "Feature",
            "properties": {
                "type": "parking_route"
            },
            "geometry": {
                "type": "LineString",
                "coordinates": [
                    [
                        2.59894787997,
                        48.30344006591
                    ],
                    [
                        2.59903102845,
                        48.30339546173
                    ],
                    [
                        2.59917318553,
                        48.30332944746
                    ],
                    [
                        2.60040700167,
                        48.30283166147
                    ],
                    [
                        2.60076105326,
                        48.30273174685
                    ],
                    [
                        2.60114729136,
                        48.30284236660
                    ],
                    [
                        2.60127067298,
                        48.30287626614
                    ],
                    [
                        2.60121971101,
                        48.30311534655
                    ],
                    [
                        2.60118216008,
                        48.30328841152
                    ],
                    [
                        2.60112851590,
                        48.30356138910
                    ],
                    [
                        2.60111510485,
                        48.30372553177
                    ],
                    [
                        2.60114729136,
                        48.30386647995
                    ],
                    [
                        2.60125994414,
                        48.30399672286
                    ],
                    [
                        2.60146647424,
                        48.30420368351
                    ],
                    [
                        2.60165422886,
                        48.30442313224
                    ]
                ]
            }
        },
        {
            "type": "Feature",
            "properties": {
                "type": "parking_route"
            },
            "geometry": {
                "type": "LineString",
                "coordinates": [
                    [
                        2.62413382396,
                        48.43637072945
                    ],
                    [
                        2.62423574388,
                        48.43595966242
                    ],
                    [
                        2.62426256865,
                        48.43566069878
                    ],
                    [
                        2.62434303492,
                        48.43502183985
                    ],
                    [
                        2.62422501773,
                        48.43468016269
                    ],
                    [
                        2.62404530972,
                        48.43466770567
                    ],
                    [
                        2.62389242381,
                        48.43454847401
                    ],
                    [
                        2.62362822756,
                        48.43446394304
                    ],
                    [
                        2.62330904469,
                        48.43443724930
                    ],
                    [
                        2.62311860785,
                        48.43439542908
                    ],
                    [
                        2.62294024095,
                        48.43437140469
                    ],
                    [
                        2.62272029981,
                        48.43438297199
                    ],
                    [
                        2.62249901757,
                        48.43436161697
                    ],
                    [
                        2.62239843473,
                        48.43431801710
                    ]
                ]
            }
        },
        {
            "type": "Feature",
            "properties": {
                "type": "parking",
                "name": "Parking Raymond",
                "shortName": "Raymond",
                "googleUrl": "https://goo.gl/maps/o9QM5jeJTaDVgNYb7"
            },
            "geometry": {
                "type": "Point",
                "coordinates": [
                    2.63825296283,
                    48.40409965981
                ]
            }
        },
        {
            "type": "Feature",
            "properties": {
                "type": "parking_route"
            },
            "geometry": {
                "type": "LineString",
                "coordinates": [
                    [
                        2.65154330850,
                        48.26626235040
                    ],
                    [
                        2.65142932400,
                        48.26638197021
                    ],
                    [
                        2.65138506755,
                        48.26646945776
                    ],
                    [
                        2.65142797887,
                        48.26681226732
                    ],
                    [
                        2.65138506621,
                        48.26714078665
                    ],
                    [
                        2.65116780728,
                        48.26729254840
                    ],
                    [
                        2.65111148089,
                        48.26758357263
                    ],
                    [
                        2.65110879868,
                        48.26770319560
                    ],
                    [
                        2.65110343426,
                        48.26810491250
                    ],
                    [
                        2.65095591277,
                        48.26845127919
                    ],
                    [
                        2.65069037408,
                        48.26854590474
                    ]
                ]
            }
        },
        {
            "type": "Feature",
            "properties": {
                "name": "Gare Montigny-sur-Loing",
                "shortName": "Montigny-sur-Loing",
                "type": "trainstation",
                "googleUrl": "https://goo.gl/maps/V2ELF88Uu7eZyo9T6"
            },
            "geometry": {
                "type": "Point",
                "coordinates": [
                    2.73854344949,
                    48.33646678686
                ]
            }
        },
        {
            "type": "Feature",
            "properties": {
                "type": "parking_route"
            },
            "geometry": {
                "type": "LineString",
                "coordinates": [
                    [
                        2.51105021652,
                        48.37303816715
                    ],
                    [
                        2.51113705304,
                        48.37307023832
                    ],
                    [
                        2.51126646861,
                        48.37331010402
                    ],
                    [
                        2.51139253244,
                        48.37352212861
                    ],
                    [
                        2.51146361098,
                        48.37368515533
                    ],
                    [
                        2.51165270269,
                        48.37422946746
                    ],
                    [
                        2.51170232758,
                        48.37439872513
                    ],
                    [
                        2.51177742943,
                        48.37453324217
                    ],
                    [
                        2.51196920335,
                        48.37483167540
                    ],
                    [
                        2.51216366753,
                        48.37511406660
                    ],
                    [
                        2.51223742827,
                        48.37518889627
                    ],
                    [
                        2.51232862204,
                        48.37528777904
                    ],
                    [
                        2.51254990563,
                        48.37545703498
                    ],
                    [
                        2.51309573516,
                        48.37585166846
                    ],
                    [
                        2.51363083586,
                        48.37622135619
                    ],
                    [
                        2.51429870591,
                        48.37660440329
                    ],
                    [
                        2.51467823848,
                        48.37680037976
                    ],
                    [
                        2.51502558455,
                        48.37697675794
                    ],
                    [
                        2.51573100552,
                        48.37671931686
                    ],
                    [
                        2.51605957612,
                        48.37655451825
                    ],
                    [
                        2.51637875766,
                        48.37643515116
                    ],
                    [
                        2.51699030131,
                        48.37631400129
                    ],
                    [
                        2.51713245973,
                        48.37626767831
                    ],
                    [
                        2.51762330264,
                        48.37648147310
                    ]
                ]
            }
        },
        {
            "type": "Feature",
            "properties": {
                "type": "parking_route"
            },
            "geometry": {
                "type": "LineString",
                "coordinates": [
                    [
                        2.60224431485,
                        48.30217686032
                    ],
                    [
                        2.60237976775,
                        48.30212868571
                    ],
                    [
                        2.60294705495,
                        48.30194491150
                    ],
                    [
                        2.60332792863,
                        48.30181733969
                    ],
                    [
                        2.60427608952,
                        48.30153364739
                    ],
                    [
                        2.60451480612,
                        48.30148725730
                    ],
                    [
                        2.60467976063,
                        48.30145960255
                    ],
                    [
                        2.60509148106,
                        48.30135700800
                    ],
                    [
                        2.60565876693,
                        48.30128474714
                    ],
                    [
                        2.60713129967,
                        48.30096001407
                    ],
                    [
                        2.60720640287,
                        48.30094573916
                    ],
                    [
                        2.60734319419,
                        48.30103316841
                    ],
                    [
                        2.60755777091,
                        48.30109740139
                    ],
                    [
                        2.60772675008,
                        48.30122051439
                    ],
                    [
                        2.60784342751,
                        48.30136860555
                    ],
                    [
                        2.60775491461,
                        48.30147119919
                    ],
                    [
                        2.60768651694,
                        48.30153632463
                    ],
                    [
                        2.60765433043,
                        48.30167549463
                    ],
                    [
                        2.60760873422,
                        48.30174953916
                    ],
                    [
                        2.60792255268,
                        48.30174686282
                    ],
                    [
                        2.60812774167,
                        48.30182358448
                    ],
                    [
                        2.60819077358,
                        48.30195472470
                    ]
                ]
            }
        },
        {
            "type": "Feature",
            "properties": {
                "shortName": "Buthiers Piscine",
                "type": "parking",
                "name": "Parking Buthiers Piscine",
                "googleUrl": "https://goo.gl/maps/pM6Es7xbK45hTN5g8"
            },
            "geometry": {
                "type": "Point",
                "coordinates": [
                    2.43549138039,
                    48.29394920148
                ]
            }
        },
        {
            "type": "Feature",
            "properties": {
                "type": "parking_route"
            },
            "geometry": {
                "type": "LineString",
                "coordinates": [
                    [
                        2.59941994875,
                        48.41020156004
                    ],
                    [
                        2.59925901622,
                        48.41034577480
                    ],
                    [
                        2.59923487633,
                        48.41044191775
                    ],
                    [
                        2.59901225299,
                        48.41070363930
                    ],
                    [
                        2.59896933764,
                        48.41083538977
                    ],
                    [
                        2.59886204928,
                        48.41084785264
                    ],
                    [
                        2.59864747256,
                        48.41108820730
                    ],
                    [
                        2.59847983182,
                        48.41111580528
                    ],
                    [
                        2.59734660253,
                        48.41053716941
                    ],
                    [
                        2.59567290410,
                        48.40958908694
                    ],
                    [
                        2.59601086110,
                        48.40930777545
                    ]
                ]
            }
        },
        {
            "type": "Feature",
            "properties": {
                "name": "Parking de La Boulignère",
                "googleUrl": "https://maps.app.goo.gl/1rqNkPxe8Uo4GzR38",
                "shortName": "La Boulignère",
                "type": "parking"
            },
            "geometry": {
                "type": "Point",
                "coordinates": [
                    2.50836564816,
                    48.40533719461
                ]
            }
        },
        {
            "type": "Feature",
            "properties": {
                "type": "parking_route"
            },
            "geometry": {
                "type": "LineString",
                "coordinates": [
                    [
                        2.68810182273,
                        48.38417745711
                    ],
                    [
                        2.68976881966,
                        48.38478132603
                    ],
                    [
                        2.68992572889,
                        48.38493630077
                    ],
                    [
                        2.68997400731,
                        48.38534600273
                    ],
                    [
                        2.69056945771,
                        48.38537094095
                    ]
                ]
            }
        },
        {
            "type": "Feature",
            "properties": {
                "shortName": "Reine Amélie",
                "name": "Parking Reine Amélie",
                "googleUrl": "https://goo.gl/maps/trDFBjGvkPm6UWDu6",
                "type": "parking"
            },
            "geometry": {
                "type": "Point",
                "coordinates": [
                    2.72533422053,
                    48.41945452437
                ]
            }
        },
        {
            "type": "Feature",
            "properties": {
                "type": "parking_route"
            },
            "geometry": {
                "type": "LineString",
                "coordinates": [
                    [
                        2.59864747256,
                        48.41108820730
                    ],
                    [
                        2.59886272185,
                        48.41103345861
                    ],
                    [
                        2.59906925194,
                        48.41104147042
                    ],
                    [
                        2.59919531576,
                        48.41108598046
                    ],
                    [
                        2.59924359553,
                        48.41104458613
                    ],
                    [
                        2.60158985719,
                        48.41078286678
                    ],
                    [
                        2.60620057449,
                        48.41026921550
                    ],
                    [
                        2.60757252440,
                        48.41007870920
                    ],
                    [
                        2.60769054160,
                        48.41006001462
                    ],
                    [
                        2.60802447662,
                        48.41002707653
                    ],
                    [
                        2.60817333922,
                        48.40996743183
                    ],
                    [
                        2.60838657483,
                        48.40993449368
                    ],
                    [
                        2.60862797364,
                        48.40996120029
                    ],
                    [
                        2.60882109269,
                        48.40991134794
                    ],
                    [
                        2.60915100441,
                        48.40987662931
                    ],
                    [
                        2.60923281178,
                        48.40981342355
                    ],
                    [
                        2.60941922531,
                        48.40980719199
                    ],
                    [
                        2.60958149895,
                        48.40983300844
                    ],
                    [
                        2.60993018612,
                        48.40996120030
                    ],
                    [
                        2.61003076897,
                        48.40994962743
                    ],
                    [
                        2.61022925243,
                        48.40986327599
                    ],
                    [
                        2.61048540339,
                        48.40991668927
                    ],
                    [
                        2.61072948441,
                        48.40993983501
                    ],
                    [
                        2.61091053352,
                        48.40999057755
                    ]
                ]
            }
        },
        {
            "type": "Feature",
            "properties": {
                "googleUrl": "https://goo.gl/maps/N78XFaeM4LeKrfSK7",
                "shortName": "Mont Ussy",
                "type": "parking",
                "name": "Parking Mont Ussy"
            },
            "geometry": {
                "type": "Point",
                "coordinates": [
                    2.69891649216,
                    48.42105747365
                ]
            }
        },
        {
            "type": "Feature",
            "properties": {
                "type": "parking_route"
            },
            "geometry": {
                "type": "LineString",
                "coordinates": [
                    [
                        2.69905328482,
                        48.42116427663
                    ],
                    [
                        2.69891649216,
                        48.42105747365
                    ],
                    [
                        2.69871264562,
                        48.42090527812
                    ],
                    [
                        2.69622087345,
                        48.42137966107
                    ],
                    [
                        2.69576623902,
                        48.42145175266
                    ],
                    [
                        2.69547924265,
                        48.42144107243
                    ],
                    [
                        2.69507691130,
                        48.42138233113
                    ],
                    [
                        2.69482612476,
                        48.42130222926
                    ],
                    [
                        2.69396915898,
                        48.42094799947
                    ],
                    [
                        2.69325837359,
                        48.42068989077
                    ]
                ]
            }
        },
        {
            "type": "Feature",
            "properties": {
                "type": "parking_route"
            },
            "geometry": {
                "type": "LineString",
                "coordinates": [
                    [
                        2.67122536764,
                        48.26418848359
                    ],
                    [
                        2.67113417253,
                        48.26411170539
                    ],
                    [
                        2.67078682646,
                        48.26406438853
                    ],
                    [
                        2.67036571965,
                        48.26393136544
                    ]
                ]
            }
        },
        {
            "type": "Feature",
            "properties": {
                "shortName": "Robert Paragot",
                "googleUrl": "https://goo.gl/maps/T62eDcWEEmFsj5ho9",
                "type": "parking",
                "name": "Parking Robert Paragot"
            },
            "geometry": {
                "type": "Point",
                "coordinates": [
                    2.59894787997,
                    48.30344006591
                ]
            }
        },
        {
            "type": "Feature",
            "properties": {
                "type": "parking_route"
            },
            "geometry": {
                "type": "LineString",
                "coordinates": [
                    [
                        2.56573140085,
                        48.39946620602
                    ],
                    [
                        2.56589904293,
                        48.39943860082
                    ],
                    [
                        2.56605326995,
                        48.39938695735
                    ],
                    [
                        2.56667420134,
                        48.39923380743
                    ],
                    [
                        2.56796836719,
                        48.39882243734
                    ],
                    [
                        2.56814271078,
                        48.39876723158
                    ],
                    [
                        2.56925716862,
                        48.39849209228
                    ],
                    [
                        2.56957769260,
                        48.39843955743
                    ],
                    [
                        2.56989955768,
                        48.39841017350
                    ],
                    [
                        2.57050573692,
                        48.39830421314
                    ],
                    [
                        2.57139891252,
                        48.39822407491
                    ],
                    [
                        2.57266089186,
                        48.39806557892
                    ],
                    [
                        2.57315844163,
                        48.39800235847
                    ],
                    [
                        2.57420047984,
                        48.39782872444
                    ],
                    [
                        2.57458135352,
                        48.39776550370
                    ],
                    [
                        2.57501318917,
                        48.39773790025
                    ],
                    [
                        2.57583528690,
                        48.39760166322
                    ],
                    [
                        2.57650986247,
                        48.39751840734
                    ],
                    [
                        2.57692828707,
                        48.39747922806
                    ],
                    [
                        2.57731050186,
                        48.39746409060
                    ],
                    [
                        2.57770277493,
                        48.39742268518
                    ],
                    [
                        2.57797770135,
                        48.39739241023
                    ],
                    [
                        2.57833309405,
                        48.39732874372
                    ],
                    [
                        2.57944621079,
                        48.39718493727
                    ],
                    [
                        2.57964603536,
                        48.39716267617
                    ],
                    [
                        2.58068002693,
                        48.39706027500
                    ],
                    [
                        2.58153833381,
                        48.39699838897
                    ],
                    [
                        2.58205264739,
                        48.39696900421
                    ],
                    [
                        2.58242547445,
                        48.39693694809
                    ],
                    [
                        2.58286669784,
                        48.39689287090
                    ],
                    [
                        2.58336156338,
                        48.39686437786
                    ],
                    [
                        2.58368544213,
                        48.39684834843
                    ],
                    [
                        2.58396372132,
                        48.39682430629
                    ],
                    [
                        2.58417896859,
                        48.39681451134
                    ],
                    [
                        2.58435867660,
                        48.39678868827
                    ],
                    [
                        2.58465438813,
                        48.39711014128
                    ],
                    [
                        2.58470535212,
                        48.39719829393
                    ],
                    [
                        2.58472144336,
                        48.39724905051
                    ],
                    [
                        2.58484750718,
                        48.39737905496
                    ],
                    [
                        2.58496820793,
                        48.39741912387
                    ]
                ]
            }
        },
        {
            "type": "Feature",
            "properties": {
                "type": "parking_route"
            },
            "geometry": {
                "type": "LineString",
                "coordinates": [
                    [
                        2.59847983182,
                        48.41111580528
                    ],
                    [
                        2.59845435485,
                        48.41102144134
                    ],
                    [
                        2.59842887387,
                        48.41091817786
                    ],
                    [
                        2.59829610452,
                        48.41064666512
                    ],
                    [
                        2.59823575482,
                        48.41045348961
                    ],
                    [
                        2.59821697935,
                        48.41036891945
                    ],
                    [
                        2.59816199407,
                        48.41028078829
                    ],
                    [
                        2.59812846646,
                        48.41019087655
                    ],
                    [
                        2.59798362717,
                        48.40982944755
                    ],
                    [
                        2.59781733022,
                        48.40944754072
                    ],
                    [
                        2.59781598911,
                        48.40931489641
                    ],
                    [
                        2.59781330690,
                        48.40903892394
                    ],
                    [
                        2.59792595968,
                        48.40895168071
                    ]
                ]
            }
        },
        {
            "type": "Feature",
            "properties": {
                "shortName": "Cailleau",
                "name": "Parking Cailleau",
                "type": "parking",
                "googleUrl": "https://goo.gl/maps/dFYKJn7TjsSw4yje9"
            },
            "geometry": {
                "type": "Point",
                "coordinates": [
                    2.53451317012,
                    48.35936621532
                ]
            }
        },
        {
            "type": "Feature",
            "properties": {
                "type": "parking_route"
            },
            "geometry": {
                "type": "LineString",
                "coordinates": [
                    [
                        2.53134548128,
                        48.38940008595
                    ],
                    [
                        2.53114699781,
                        48.38940008595
                    ],
                    [
                        2.53101825178,
                        48.38938939899
                    ],
                    [
                        2.53084122598,
                        48.38931459020
                    ],
                    [
                        2.53098606527,
                        48.38908303849
                    ],
                    [
                        2.53114699781,
                        48.38897616812
                    ],
                    [
                        2.53119527757,
                        48.38876598907
                    ],
                    [
                        2.53148495615,
                        48.38855937152
                    ],
                    [
                        2.53153323591,
                        48.38832069159
                    ],
                    [
                        2.53138839662,
                        48.38812119706
                    ],
                    [
                        2.53110408247,
                        48.38790388963
                    ],
                    [
                        2.53040670812,
                        48.38761176997
                    ],
                    [
                        2.52928018503,
                        48.38713038919
                    ],
                    [
                        2.52937942475,
                        48.38697052405
                    ],
                    [
                        2.52942033045,
                        48.38681110104
                    ],
                    [
                        2.52948403090,
                        48.38669621159
                    ],
                    [
                        2.52949409120,
                        48.38659601459
                    ],
                    [
                        2.52957455747,
                        48.38627048864
                    ],
                    [
                        2.52953834765,
                        48.38619522994
                    ],
                    [
                        2.52948738568,
                        48.38606386096
                    ],
                    [
                        2.52948537402,
                        48.38591111625
                    ],
                    [
                        2.52945117585,
                        48.38585545116
                    ],
                    [
                        2.52939082615,
                        48.38580557518
                    ]
                ]
            }
        },
        {
            "type": "Feature",
            "properties": {
                "type": "parking_route"
            },
            "geometry": {
                "type": "LineString",
                "coordinates": [
                    [
                        2.72758125991,
                        48.35421001651
                    ],
                    [
                        2.72800907359,
                        48.35392928822
                    ],
                    [
                        2.72810160846,
                        48.35395335152
                    ],
                    [
                        2.72832959756,
                        48.35396939223
                    ],
                    [
                        2.72919326752,
                        48.35401573549
                    ],
                    [
                        2.73004352912,
                        48.35408792167
                    ],
                    [
                        2.73038685188,
                        48.35359865174
                    ]
                ]
            }
        },
        {
            "type": "Feature",
            "properties": {
                "type": "parking_route"
            },
            "geometry": {
                "type": "LineString",
                "coordinates": [
                    [
                        2.62875124678,
                        48.43521670068
                    ],
                    [
                        2.62933999032,
                        48.43496845294
                    ],
                    [
                        2.62947946519,
                        48.43487057681
                    ],
                    [
                        2.62971818179,
                        48.43478515748
                    ],
                    [
                        2.62997030944,
                        48.43475490477
                    ],
                    [
                        2.63022243708,
                        48.43483498544
                    ],
                    [
                        2.63034984335,
                        48.43498891704
                    ],
                    [
                        2.63057246670,
                        48.43518822778
                    ],
                    [
                        2.63070255384,
                        48.43522114957
                    ],
                    [
                        2.63072535262,
                        48.43527809532
                    ]
                ]
            }
        },
        {
            "type": "Feature",
            "properties": {
                "shortName": "Plaine de Chanfroy",
                "type": "parking",
                "name": "Parking Plaine de Chanfroy",
                "googleUrl": "https://goo.gl/maps/bWD8Ytdq7Et7tRHE9"
            },
            "geometry": {
                "type": "Point",
                "coordinates": [
                    2.56573140085,
                    48.39946620602
                ]
            }
        },
        {
            "type": "Feature",
            "properties": {
                "type": "parking_route"
            },
            "geometry": {
                "type": "LineString",
                "coordinates": [
                    [
                        2.53251090512,
                        48.36917366604
                    ],
                    [
                        2.53224670619,
                        48.36926008744
                    ],
                    [
                        2.53193288773,
                        48.36927077863
                    ],
                    [
                        2.53178536355,
                        48.36936521913
                    ],
                    [
                        2.53174245090,
                        48.36944718290
                    ],
                    [
                        2.53151714265,
                        48.36948994925
                    ],
                    [
                        2.53130256861,
                        48.36947034705
                    ],
                    [
                        2.53070711821,
                        48.36964675062
                    ],
                    [
                        2.53051668137,
                        48.36961645914
                    ],
                    [
                        2.53040134772,
                        48.36976791547
                    ],
                    [
                        2.53041743696,
                        48.36987126516
                    ],
                    [
                        2.53028869092,
                        48.36999955772
                    ],
                    [
                        2.53029137715,
                        48.37015724753
                    ],
                    [
                        2.53022431791,
                        48.37020268694
                    ],
                    [
                        2.53004729480,
                        48.37052163204
                    ],
                    [
                        2.52966508135,
                        48.37091897559
                    ],
                    [
                        2.52940892637,
                        48.37111854022
                    ],
                    [
                        2.52928554475,
                        48.37127890194
                    ],
                    [
                        2.52907633647,
                        48.37142055170
                    ],
                    [
                        2.52899452910,
                        48.37162367526
                    ]
                ]
            }
        },
        {
            "type": "Feature",
            "properties": {
                "type": "parking_route"
            },
            "geometry": {
                "type": "LineString",
                "coordinates": [
                    [
                        2.66537278623,
                        48.46341571967
                    ],
                    [
                        2.66548141703,
                        48.46319606518
                    ],
                    [
                        2.66560613975,
                        48.46294795330
                    ],
                    [
                        2.66518905625,
                        48.46287503129
                    ]
                ]
            }
        },
        {
            "type": "Feature",
            "properties": {
                "googleUrl": "https://maps.app.goo.gl/RtszZT4fwzzApPkV9",
                "name": "Parking Mairie Darvault",
                "shortName": "Mairie Darvault",
                "type": "parking"
            },
            "geometry": {
                "type": "Point",
                "coordinates": [
                    2.73459184751,
                    48.27069548747
                ]
            }
        },
        {
            "type": "Feature",
            "properties": {
                "type": "parking_route"
            },
            "geometry": {
                "type": "LineString",
                "coordinates": [
                    [
                        2.43549138039,
                        48.29394920148
                    ],
                    [
                        2.43500589788,
                        48.29436855866
                    ],
                    [
                        2.43518829077,
                        48.29445242754
                    ],
                    [
                        2.43555843294,
                        48.29458626520
                    ],
                    [
                        2.43535324797,
                        48.29469422322
                    ]
                ]
            }
        },
        {
            "type": "Feature",
            "properties": {
                "type": "parking_route"
            },
            "geometry": {
                "type": "LineString",
                "coordinates": [
                    [
                        2.53307014570,
                        48.37124504517
                    ],
                    [
                        2.53347918257,
                        48.37128780824
                    ],
                    [
                        2.53340005741,
                        48.37040313994
                    ],
                    [
                        2.53300577268,
                        48.36993540880
                    ],
                    [
                        2.53297492728,
                        48.36967525934
                    ],
                    [
                        2.53251090512,
                        48.36917366604
                    ],
                    [
                        2.53221317992,
                        48.36885738353
                    ],
                    [
                        2.53157078952,
                        48.36829787140
                    ],
                    [
                        2.53144472569,
                        48.36822481351
                    ],
                    [
                        2.53119528025,
                        48.36810898982
                    ],
                    [
                        2.53090828389,
                        48.36787377782
                    ],
                    [
                        2.53031819791,
                        48.36741047827
                    ],
                    [
                        2.53018006548,
                        48.36727861443
                    ],
                    [
                        2.52983406052,
                        48.36692133539
                    ],
                    [
                        2.52958193287,
                        48.36666206151
                    ],
                    [
                        2.52943441138,
                        48.36651237702
                    ],
                    [
                        2.52926543221,
                        48.36633863554
                    ],
                    [
                        2.52904146776,
                        48.36608559560
                    ],
                    [
                        2.52889796957,
                        48.36592254455
                    ],
                    [
                        2.52856671676,
                        48.36554921806
                    ],
                    [
                        2.52766683564,
                        48.36466355906
                    ],
                    [
                        2.52706065639,
                        48.36406835904
                    ],
                    [
                        2.52678572059,
                        48.36375739724
                    ],
                    [
                        2.52633780107,
                        48.36393916052
                    ]
                ]
            }
        },
        {
            "type": "Feature",
            "properties": {
                "name": "Parking Restant du Long Rocher",
                "googleUrl": "https://goo.gl/maps/EuPzcVjQ7HXVyrQx9",
                "type": "parking",
                "shortName": "Restant du Long Rocher"
            },
            "geometry": {
                "type": "Point",
                "coordinates": [
                    2.72758125991,
                    48.35421001651
                ]
            }
        },
        {
            "type": "Feature",
            "properties": {
                "type": "parking_route"
            },
            "geometry": {
                "type": "LineString",
                "coordinates": [
                    [
                        2.59543552860,
                        48.29388852761
                    ],
                    [
                        2.59560316667,
                        48.29407233083
                    ],
                    [
                        2.59584724634,
                        48.29417494003
                    ]
                ]
            }
        },
        {
            "type": "Feature",
            "properties": {
                "type": "parking_route"
            },
            "geometry": {
                "type": "LineString",
                "coordinates": [
                    [
                        2.63787209920,
                        48.44615934431
                    ],
                    [
                        2.63833611935,
                        48.44613399243
                    ],
                    [
                        2.63901069626,
                        48.44600500131
                    ],
                    [
                        2.64062940806,
                        48.44566606770
                    ],
                    [
                        2.64124899834,
                        48.44553262830
                    ],
                    [
                        2.64176130026,
                        48.44544544770
                    ],
                    [
                        2.64237284392,
                        48.44549526520
                    ],
                    [
                        2.64274567097,
                        48.44541164294
                    ],
                    [
                        2.64318555325,
                        48.44543655171
                    ],
                    [
                        2.64359861344,
                        48.44541875973
                    ],
                    [
                        2.64373540610,
                        48.44559667925
                    ],
                    [
                        2.64382660121,
                        48.44584042799
                    ],
                    [
                        2.64379977912,
                        48.44593116627
                    ],
                    [
                        2.64372199506,
                        48.44599343754
                    ],
                    [
                        2.64396339521,
                        48.44596496979
                    ],
                    [
                        2.64418065414,
                        48.44582708322
                    ],
                    [
                        2.64434292778,
                        48.44577637645
                    ],
                    [
                        2.64451056585,
                        48.44557532805
                    ],
                    [
                        2.64471843705,
                        48.44552462103
                    ],
                    [
                        2.64480560884,
                        48.44555575693
                    ],
                    [
                        2.64513820276,
                        48.44544099881
                    ],
                    [
                        2.64526963100,
                        48.44545345320
                    ]
                ]
            }
        },
        {
            "type": "Feature",
            "properties": {
                "type": "parking_route"
            },
            "geometry": {
                "type": "LineString",
                "coordinates": [
                    [
                        2.51713245973,
                        48.37626767831
                    ],
                    [
                        2.51744359463,
                        48.37624986300
                    ],
                    [
                        2.51763671368,
                        48.37619641437
                    ],
                    [
                        2.51776277751,
                        48.37614118406
                    ],
                    [
                        2.51884505019,
                        48.37599776224
                    ],
                    [
                        2.51932382450,
                        48.37585701336
                    ],
                    [
                        2.51939758524,
                        48.37585968581
                    ],
                    [
                        2.52002656192,
                        48.37582405401
                    ],
                    [
                        2.52048253745,
                        48.37592026221
                    ],
                    [
                        2.52076685161,
                        48.37603072326
                    ],
                    [
                        2.52083658904,
                        48.37605566604
                    ],
                    [
                        2.52150445908,
                        48.37617325328
                    ],
                    [
                        2.52191215619,
                        48.37619997673
                    ],
                    [
                        2.52211466298,
                        48.37607259060
                    ]
                ]
            }
        },
        {
            "type": "Feature",
            "properties": {
                "type": "parking_route"
            },
            "geometry": {
                "type": "LineString",
                "coordinates": [
                    [
                        2.53144472569,
                        48.36822481351
                    ],
                    [
                        2.53169819579,
                        48.36829163386
                    ],
                    [
                        2.53229230508,
                        48.36839854767
                    ],
                    [
                        2.53234997258,
                        48.36820788456
                    ],
                    [
                        2.53252833948,
                        48.36800029261
                    ],
                    [
                        2.53270268306,
                        48.36794238054
                    ]
                ]
            }
        },
        {
            "type": "Feature",
            "properties": {
                "shortName": "Beauvais Nainville",
                "name": "Parking Beauvais Nainville",
                "type": "parking",
                "googleUrl": "https://maps.app.goo.gl/HMG9u6GzVVSVcsLt9"
            },
            "geometry": {
                "type": "Point",
                "coordinates": [
                    2.48017430037,
                    48.50336884818
                ]
            }
        },
        {
            "type": "Feature",
            "properties": {
                "type": "parking_route"
            },
            "geometry": {
                "type": "LineString",
                "coordinates": [
                    [
                        2.43608414859,
                        48.29345310854
                    ],
                    [
                        2.43556782469,
                        48.29281157023
                    ],
                    [
                        2.43551820382,
                        48.29271431281
                    ],
                    [
                        2.43534386024,
                        48.29272858914
                    ],
                    [
                        2.43494018778,
                        48.29267059153
                    ],
                    [
                        2.43474036321,
                        48.29262954702
                    ]
                ]
            }
        },
        {
            "type": "Feature",
            "properties": {
                "name": "Parking Noisy / Roche aux Sabots",
                "shortName": "Noisy / Roche aux Sabots",
                "type": "parking",
                "googleUrl": "https://goo.gl/maps/S1AD8zrVEW8ENJiF6"
            },
            "geometry": {
                "type": "Point",
                "coordinates": [
                    2.51104099140,
                    48.37303420285
                ]
            }
        },
        {
            "type": "Feature",
            "properties": {
                "type": "parking_route"
            },
            "geometry": {
                "type": "LineString",
                "coordinates": [
                    [
                        2.55305528104,
                        48.39047411404
                    ],
                    [
                        2.55291044444,
                        48.39047589338
                    ],
                    [
                        2.55260467261,
                        48.39048479899
                    ],
                    [
                        2.55247995124,
                        48.39052665445
                    ],
                    [
                        2.55240350693,
                        48.39065756753
                    ],
                    [
                        2.55222245917,
                        48.39085527011
                    ],
                    [
                        2.55206823081,
                        48.39090514204
                    ],
                    [
                        2.55180269212,
                        48.39104406821
                    ],
                    [
                        2.55165517196,
                        48.39112243576
                    ],
                    [
                        2.55147144065,
                        48.39126848572
                    ],
                    [
                        2.55137890443,
                        48.39130499815
                    ],
                    [
                        2.55122065410,
                        48.39146529628
                    ],
                    [
                        2.55111872882,
                        48.39162826643
                    ],
                    [
                        2.55098864302,
                        48.39172889657
                    ],
                    [
                        2.55095779628,
                        48.39175472309
                    ],
                    [
                        2.55090281233,
                        48.39176095598
                    ],
                    [
                        2.55078881711,
                        48.39175294202
                    ],
                    [
                        2.55064397782,
                        48.39168526102
                    ],
                    [
                        2.55038648710,
                        48.39170841416
                    ],
                    [
                        2.55019336671,
                        48.39170663398
                    ],
                    [
                        2.54992514714,
                        48.39165587230
                    ],
                    [
                        2.54979237780,
                        48.39178767213
                    ]
                ]
            }
        },
        {
            "type": "Feature",
            "properties": {
                "type": "parking_route"
            },
            "geometry": {
                "type": "LineString",
                "coordinates": [
                    [
                        2.67992913455,
                        48.37735980025
                    ],
                    [
                        2.67988353901,
                        48.37796063367
                    ],
                    [
                        2.67961129479,
                        48.37798468472
                    ],
                    [
                        2.67940409414,
                        48.37810716679
                    ],
                    [
                        2.67916604809,
                        48.37817753817
                    ],
                    [
                        2.67890386216,
                        48.37832317989
                    ],
                    [
                        2.67898432843,
                        48.37844521575
                    ],
                    [
                        2.67888575725,
                        48.37852983899
                    ],
                    [
                        2.67869196765,
                        48.37860110055
                    ],
                    [
                        2.67843313448,
                        48.37857304133
                    ],
                    [
                        2.67829365961,
                        48.37857794056
                    ],
                    [
                        2.67819508843,
                        48.37861579824
                    ],
                    [
                        2.67796575956,
                        48.37860510901
                    ],
                    [
                        2.67772704296,
                        48.37857215056
                    ],
                    [
                        2.67750844292,
                        48.37858150363
                    ],
                    [
                        2.67738841407,
                        48.37856457901
                    ],
                    [
                        2.67726235025,
                        48.37840513101
                    ],
                    [
                        2.67707996003,
                        48.37838998788
                    ],
                    [
                        2.67677687041,
                        48.37833075147
                    ],
                    [
                        2.67645567589,
                        48.37828843970
                    ],
                    [
                        2.67623573475,
                        48.37823989247
                    ],
                    [
                        2.67597220771,
                        48.37825369949
                    ],
                    [
                        2.67561949722,
                        48.37807287184
                    ],
                    [
                        2.67544381253,
                        48.37806708178
                    ],
                    [
                        2.67545051806,
                        48.37819446291
                    ],
                    [
                        2.67564430766,
                        48.37834411307
                    ],
                    [
                        2.67581731014,
                        48.37859709209
                    ],
                    [
                        2.67594002120,
                        48.37876856484
                    ],
                    [
                        2.67592392795,
                        48.37887768356
                    ],
                    [
                        2.67604093982,
                        48.37894137281
                    ],
                    [
                        2.67595678534,
                        48.37899459599
                    ],
                    [
                        2.67604194548,
                        48.37904514671
                    ],
                    [
                        2.67611805316,
                        48.37910861340
                    ],
                    [
                        2.67613884028,
                        48.37923087007
                    ],
                    [
                        2.67595745590,
                        48.37919434898
                    ],
                    [
                        2.67579417642,
                        48.37929968107
                    ],
                    [
                        2.67554406043,
                        48.37943774817
                    ],
                    [
                        2.67532009598,
                        48.37952927309
                    ],
                    [
                        2.67512261834,
                        48.37958405436
                    ],
                    [
                        2.67497342046,
                        48.37963504987
                    ],
                    [
                        2.67481449958,
                        48.37966867570
                    ],
                    [
                        2.67453052070,
                        48.37964952457
                    ],
                    [
                        2.67437227037,
                        48.37966711689
                    ],
                    [
                        2.67427302863,
                        48.37969205789
                    ],
                    [
                        2.67414763536,
                        48.37967557901
                    ],
                    [
                        2.67398402061,
                        48.37971120901
                    ],
                    [
                        2.67378788408,
                        48.37963326836
                    ],
                    [
                        2.67376944356,
                        48.37939343335
                    ],
                    [
                        2.67373792760,
                        48.37919301307
                    ],
                    [
                        2.67369568281,
                        48.37899570966
                    ],
                    [
                        2.67346836559,
                        48.37899793657
                    ],
                    [
                        2.67324909501,
                        48.37911507163
                    ],
                    [
                        2.67307139866,
                        48.37926605522
                    ],
                    [
                        2.67291046612,
                        48.37937205522
                    ],
                    [
                        2.67271533541,
                        48.37951323977
                    ]
                ]
            }
        },
        {
            "type": "Feature",
            "properties": {
                "type": "parking_route"
            },
            "geometry": {
                "type": "LineString",
                "coordinates": [
                    [
                        2.58470535212,
                        48.39719829393
                    ],
                    [
                        2.58409917220,
                        48.39752330520
                    ]
                ]
            }
        },
        {
            "type": "Feature",
            "properties": {
                "type": "parking_route"
            },
            "geometry": {
                "type": "LineString",
                "coordinates": [
                    [
                        2.43518829077,
                        48.29445242754
                    ],
                    [
                        2.43484765023,
                        48.29454522045
                    ],
                    [
                        2.43471622199,
                        48.29454165150
                    ],
                    [
                        2.43383109301,
                        48.29445956546
                    ],
                    [
                        2.43223249644,
                        48.29437747929
                    ],
                    [
                        2.43202194437,
                        48.29435249563
                    ],
                    [
                        2.43180602521,
                        48.29425256530
                    ],
                    [
                        2.43166118592,
                        48.29419367717
                    ],
                    [
                        2.43156999081,
                        48.29425613428
                    ],
                    [
                        2.43141174048,
                        48.29431502234
                    ],
                    [
                        2.43113010854,
                        48.29437212584
                    ],
                    [
                        2.42972731322,
                        48.29438997067
                    ],
                    [
                        2.42973804206,
                        48.29448811714
                    ]
                ]
            }
        },
        {
            "type": "Feature",
            "properties": {
                "type": "parking_route"
            },
            "geometry": {
                "type": "LineString",
                "coordinates": [
                    [
                        2.62947946519,
                        48.43487057681
                    ],
                    [
                        2.62962698668,
                        48.43474244776
                    ],
                    [
                        2.62969135970,
                        48.43467838312
                    ],
                    [
                        2.62977987260,
                        48.43463923246
                    ],
                    [
                        2.62995421618,
                        48.43449330703
                    ],
                    [
                        2.62998908490,
                        48.43438297288
                    ],
                    [
                        2.63020366162,
                        48.43419611612
                    ],
                    [
                        2.63032704324,
                        48.43408756093
                    ],
                    [
                        2.63091176480,
                        48.43374053867
                    ],
                    [
                        2.63099759549,
                        48.43364088055
                    ],
                    [
                        2.63120144337,
                        48.43355723877
                    ],
                    [
                        2.63132482499,
                        48.43345758030
                    ]
                ]
            }
        },
        {
            "type": "Feature",
            "properties": {
                "name": "Parking du Carrefour de l'Épine",
                "shortName": "Carrefour de l'Épine",
                "googleUrl": "https://goo.gl/maps/uwWA32xkAwaH6E766",
                "type": "parking"
            },
            "geometry": {
                "type": "Point",
                "coordinates": [
                    2.63764344089,
                    48.44596363496
                ]
            }
        },
        {
            "type": "Feature",
            "properties": {
                "name": "Parking Bois Rond Auberge",
                "shortName": "Bois Rond Auberge",
                "type": "parking",
                "googleUrl": "https://goo.gl/maps/k5UWi4nZJy3HwzyZ8"
            },
            "geometry": {
                "type": "Point",
                "coordinates": [
                    2.56317793787,
                    48.38727689904
                ]
            }
        },
        {
            "type": "Feature",
            "properties": {
                "type": "parking_route"
            },
            "geometry": {
                "type": "LineString",
                "coordinates": [
                    [
                        2.62469708651,
                        48.43704694165
                    ],
                    [
                        2.62513294682,
                        48.43681916532
                    ],
                    [
                        2.62569621071,
                        48.43667413590
                    ],
                    [
                        2.62623801693,
                        48.43645703587
                    ],
                    [
                        2.62652501330,
                        48.43631823372
                    ],
                    [
                        2.62669667468,
                        48.43613583289
                    ],
                    [
                        2.62677043408,
                        48.43600414887
                    ],
                    [
                        2.62685626477,
                        48.43592051098
                    ],
                    [
                        2.62698232994,
                        48.43587068319
                    ],
                    [
                        2.62712180480,
                        48.43582441532
                    ],
                    [
                        2.62727200717,
                        48.43577992783
                    ],
                    [
                        2.62818798289,
                        48.43540355369
                    ],
                    [
                        2.62839719519,
                        48.43532169436
                    ],
                    [
                        2.62875124678,
                        48.43521670068
                    ],
                    [
                        2.62899130448,
                        48.43532525347
                    ],
                    [
                        2.62905835837,
                        48.43541245232
                    ],
                    [
                        2.62909456954,
                        48.43548986175
                    ],
                    [
                        2.62908249825,
                        48.43558951712
                    ],
                    [
                        2.62904763087,
                        48.43565002065
                    ]
                ]
            }
        },
        {
            "type": "Feature",
            "properties": {
                "type": "parking_route"
            },
            "geometry": {
                "type": "LineString",
                "coordinates": [
                    [
                        2.53229230508,
                        48.36839854767
                    ],
                    [
                        2.53309160203,
                        48.36860613889
                    ],
                    [
                        2.53366023034,
                        48.36882352871
                    ],
                    [
                        2.53413498133,
                        48.36894826016
                    ],
                    [
                        2.53436565131,
                        48.36898567953
                    ],
                    [
                        2.53455340594,
                        48.36899280703
                    ],
                    [
                        2.53488868207,
                        48.36890905888
                    ],
                    [
                        2.53505229682,
                        48.36917812160
                    ],
                    [
                        2.53507643670,
                        48.36929750659
                    ]
                ]
            }
        },
        {
            "type": "Feature",
            "properties": {
                "shortName": "Drei Zinnen",
                "googleUrl": "https://maps.app.goo.gl/SRTZj3ZjMdHZWiTn7",
                "type": "parking",
                "name": "Parking Drei Zinnen"
            },
            "geometry": {
                "type": "Point",
                "coordinates": [
                    2.55584074974,
                    48.39242619022
                ]
            }
        },
        {
            "type": "Feature",
            "properties": {
                "type": "parking_route"
            },
            "geometry": {
                "type": "LineString",
                "coordinates": [
                    [
                        2.73004352912,
                        48.35408792167
                    ],
                    [
                        2.73300736874,
                        48.35429378883
                    ],
                    [
                        2.73337617382,
                        48.35417615017
                    ]
                ]
            }
        },
        {
            "type": "Feature",
            "properties": {
                "shortName": "Fontainebleau-Avon",
                "type": "trainstation",
                "name": "Gare Fontainebleau-Avon",
                "googleUrl": "https://goo.gl/maps/JtNuw8Kc4g74EXbz5"
            },
            "geometry": {
                "type": "Point",
                "coordinates": [
                    2.72662639484,
                    48.41631341390
                ]
            }
        },
        {
            "type": "Feature",
            "properties": {
                "shortName": "Allée des Vaches",
                "type": "parking",
                "name": "Parking Allée des Vaches",
                "googleUrl": "https://goo.gl/maps/xvbiKTsL1qdwe2cc6"
            },
            "geometry": {
                "type": "Point",
                "coordinates": [
                    2.62431620479,
                    48.44097413315
                ]
            }
        },
        {
            "type": "Feature",
            "properties": {
                "type": "parking_route"
            },
            "geometry": {
                "type": "LineString",
                "coordinates": [
                    [
                        2.68927395076,
                        48.44077306040
                    ],
                    [
                        2.68896013230,
                        48.44068943037
                    ],
                    [
                        2.68853634328,
                        48.44017875033
                    ],
                    [
                        2.68798246846,
                        48.43974279900
                    ],
                    [
                        2.68718987569,
                        48.43982287181
                    ],
                    [
                        2.68701150879,
                        48.43982909969
                    ],
                    [
                        2.68686264619,
                        48.43978105603
                    ],
                    [
                        2.68636107311,
                        48.43963069686
                    ],
                    [
                        2.68584474787,
                        48.43963781446
                    ]
                ]
            }
        },
        {
            "type": "Feature",
            "properties": {
                "type": "parking_route"
            },
            "geometry": {
                "type": "LineString",
                "coordinates": [
                    [
                        2.52472579345,
                        48.38449007912
                    ],
                    [
                        2.52492964000,
                        48.38427721042
                    ],
                    [
                        2.52500071988,
                        48.38417032907
                    ],
                    [
                        2.52523541316,
                        48.38384790498
                    ],
                    [
                        2.52533063158,
                        48.38369203624
                    ],
                    [
                        2.52549826965,
                        48.38355219931
                    ],
                    [
                        2.52559214696,
                        48.38344264527
                    ],
                    [
                        2.52566456527,
                        48.38332062228
                    ],
                    [
                        2.52575844258,
                        48.38325293007
                    ],
                    [
                        2.52595290408,
                        48.38323333405
                    ],
                    [
                        2.52607762679,
                        48.38318523688
                    ]
                ]
            }
        },
        {
            "type": "Feature",
            "properties": {
                "type": "parking_route"
            },
            "geometry": {
                "type": "LineString",
                "coordinates": [
                    [
                        2.72760003269,
                        48.39565513509
                    ],
                    [
                        2.72766709059,
                        48.39543963900
                    ],
                    [
                        2.72771805257,
                        48.39524017238
                    ],
                    [
                        2.72793799371,
                        48.39501220956
                    ],
                    [
                        2.72768318117,
                        48.39501755423
                    ],
                    [
                        2.72678732336,
                        48.39507810695
                    ],
                    [
                        2.72316097140,
                        48.39534169208
                    ],
                    [
                        2.72213905916,
                        48.39485192170
                    ],
                    [
                        2.72181719273,
                        48.39385635114
                    ],
                    [
                        2.72188156575,
                        48.39356426565
                    ]
                ]
            }
        },
        {
            "type": "Feature",
            "properties": {
                "name": "Parking Bouligny",
                "googleUrl": "https://goo.gl/maps/Ms6QiFCarzRWRdSA9",
                "type": "parking",
                "shortName": "Bouligny"
            },
            "geometry": {
                "type": "Point",
                "coordinates": [
                    2.68810182273,
                    48.38417745711
                ]
            }
        },
        {
            "type": "Feature",
            "properties": {
                "type": "parking_route"
            },
            "geometry": {
                "type": "LineString",
                "coordinates": [
                    [
                        2.70893454015,
                        48.25933069873
                    ],
                    [
                        2.70917057455,
                        48.25955212603
                    ],
                    [
                        2.70971774518,
                        48.25985569416
                    ],
                    [
                        2.71014689863,
                        48.25948784079
                    ],
                    [
                        2.71031319559,
                        48.25935569864
                    ],
                    [
                        2.71089255273,
                        48.25891998427
                    ],
                    [
                        2.71152555406,
                        48.25901284174
                    ],
                    [
                        2.71167575777,
                        48.25914141335
                    ],
                    [
                        2.71231412351,
                        48.25901284174
                    ],
                    [
                        2.71255552232,
                        48.25905212754
                    ],
                    [
                        2.71304368436,
                        48.25897355591
                    ],
                    [
                        2.71335482061,
                        48.25883069808
                    ],
                    [
                        2.71384298265,
                        48.25897712735
                    ],
                    [
                        2.71441161096,
                        48.25897355591
                    ],
                    [
                        2.71481662720,
                        48.25910391154
                    ],
                    [
                        2.71533965796,
                        48.25943605361
                    ],
                    [
                        2.71565079421,
                        48.25959676673
                    ],
                    [
                        2.71559983224,
                        48.25974855089
                    ],
                    [
                        2.71558373898,
                        48.25987533496
                    ],
                    [
                        2.71561860770,
                        48.25998783323
                    ],
                    [
                        2.71566420525,
                        48.26007176036
                    ],
                    [
                        2.71542280644,
                        48.26009675990
                    ],
                    [
                        2.71532088250,
                        48.26060567649
                    ],
                    [
                        2.71535843343,
                        48.26065746070
                    ],
                    [
                        2.71494066060,
                        48.26079854027
                    ],
                    [
                        2.71430497706,
                        48.26104317465
                    ],
                    [
                        2.71410583377,
                        48.26108423739
                    ],
                    [
                        2.71349429011,
                        48.26131279965
                    ],
                    [
                        2.71322606921,
                        48.26136994006
                    ],
                    [
                        2.71205662608,
                        48.26178420609
                    ],
                    [
                        2.71150945544,
                        48.26203419258
                    ],
                    [
                        2.71008789003,
                        48.26252701595
                    ],
                    [
                        2.70881651760,
                        48.26178420609
                    ],
                    [
                        2.70896672130,
                        48.26103423926
                    ],
                    [
                        2.70918666243,
                        48.26063425246
                    ],
                    [
                        2.70881652296,
                        48.26051282370
                    ],
                    [
                        2.70825862348,
                        48.25990926482
                    ],
                    [
                        2.70799576700,
                        48.25958069723
                    ],
                    [
                        2.70775436819,
                        48.25935212722
                    ],
                    [
                        2.70742713869,
                        48.25901641318
                    ],
                    [
                        2.70773291051,
                        48.25897177018
                    ]
                ]
            }
        },
        {
            "type": "Feature",
            "properties": {
                "type": "parking_route"
            },
            "geometry": {
                "type": "LineString",
                "coordinates": [
                    [
                        2.62869894236,
                        48.44057910968
                    ],
                    [
                        2.63022109732,
                        48.44068053265
                    ],
                    [
                        2.63114243478,
                        48.44049547932
                    ],
                    [
                        2.63419210643,
                        48.44010757500
                    ],
                    [
                        2.63755022943,
                        48.43971433131
                    ],
                    [
                        2.63897180289,
                        48.43954172761
                    ],
                    [
                        2.64264642924,
                        48.43886910837
                    ]
                ]
            }
        },
        {
            "type": "Feature",
            "properties": {
                "shortName": "Malesherbes",
                "googleUrl": "https://goo.gl/maps/BMCQX8FFsavw35MF6",
                "type": "trainstation",
                "name": "Gare Malesherbes"
            },
            "geometry": {
                "type": "Point",
                "coordinates": [
                    2.40119665325,
                    48.29341608161
                ]
            }
        },
        {
            "type": "Feature",
            "properties": {
                "type": "parking_route"
            },
            "geometry": {
                "type": "LineString",
                "coordinates": [
                    [
                        2.60076105326,
                        48.30273174685
                    ],
                    [
                        2.60159253806,
                        48.30241059139
                    ],
                    [
                        2.60224431485,
                        48.30217686032
                    ],
                    [
                        2.60227784380,
                        48.30221878836
                    ]
                ]
            }
        },
        {
            "type": "Feature",
            "properties": {
                "type": "parking_route"
            },
            "geometry": {
                "type": "LineString",
                "coordinates": [
                    [
                        2.53347918257,
                        48.37128780824
                    ],
                    [
                        2.53281801805,
                        48.37188114211
                    ],
                    [
                        2.53253906697,
                        48.37219829761
                    ],
                    [
                        2.53237545356,
                        48.37249406834
                    ],
                    [
                        2.53229766950,
                        48.37267135231
                    ],
                    [
                        2.53219038114,
                        48.37292346865
                    ],
                    [
                        2.53192081913,
                        48.37345620509
                    ],
                    [
                        2.53184303507,
                        48.37368070105
                    ],
                    [
                        2.53180414304,
                        48.37389094240
                    ],
                    [
                        2.53178335659,
                        48.37400229825
                    ],
                    [
                        2.53184907071,
                        48.37408559261
                    ],
                    [
                        2.53208778732,
                        48.37421431997
                    ],
                    [
                        2.53225073151,
                        48.37432612098
                    ],
                    [
                        2.53233253688,
                        48.37442010624
                    ],
                    [
                        2.53260545366,
                        48.37457911997
                    ],
                    [
                        2.53267586164,
                        48.37470472816
                    ],
                    [
                        2.53283679217,
                        48.37478891353
                    ],
                    [
                        2.53292061322,
                        48.37485928816
                    ],
                    [
                        2.53295682304,
                        48.37488734943
                    ],
                    [
                        2.53331154317,
                        48.37509536007
                    ],
                    [
                        2.53342687815,
                        48.37521294953
                    ],
                    [
                        2.53352545134,
                        48.37529534974
                    ],
                    [
                        2.53361798756,
                        48.37537686031
                    ],
                    [
                        2.53372728556,
                        48.37554077325
                    ],
                    [
                        2.53382585876,
                        48.37563074491
                    ],
                    [
                        2.53391839497,
                        48.37584543229
                    ],
                    [
                        2.53393247656,
                        48.37591536139
                    ],
                    [
                        2.53401227228,
                        48.37597281898
                    ],
                    [
                        2.53409340843,
                        48.37598796328
                    ],
                    [
                        2.53424763545,
                        48.37597281943
                    ],
                    [
                        2.53450512618,
                        48.37588462957
                    ],
                    [
                        2.53474116191,
                        48.37584097866
                    ],
                    [
                        2.53514885768,
                        48.37594876742
                    ],
                    [
                        2.53557935223,
                        48.37601736016
                    ],
                    [
                        2.53576442465,
                        48.37607526305
                    ],
                    [
                        2.53570139140,
                        48.37615900030
                    ],
                    [
                        2.53567725152,
                        48.37628905863
                    ],
                    [
                        2.53570407361,
                        48.37639417403
                    ],
                    [
                        2.53573626012,
                        48.37649216277
                    ],
                    [
                        2.53579258785,
                        48.37673178809
                    ]
                ]
            }
        },
        {
            "type": "Feature",
            "properties": {
                "type": "parking_route"
            },
            "geometry": {
                "type": "LineString",
                "coordinates": [
                    [
                        2.62897252768,
                        48.43960578612
                    ],
                    [
                        2.62878745526,
                        48.43974813808
                    ],
                    [
                        2.62883841723,
                        48.44031220379
                    ],
                    [
                        2.62870162457,
                        48.44042074569
                    ],
                    [
                        2.62869894236,
                        48.44057910968
                    ],
                    [
                        2.62751608819,
                        48.44047412686
                    ],
                    [
                        2.62575790152,
                        48.44075793494
                    ],
                    [
                        2.62461662158,
                        48.44094387789
                    ],
                    [
                        2.62433633074,
                        48.44098391337
                    ],
                    [
                        2.62431620479,
                        48.44097413315
                    ],
                    [
                        2.62436985433,
                        48.44084601594
                    ],
                    [
                        2.62438058585,
                        48.44036736446
                    ],
                    [
                        2.62431084841,
                        48.43974991748
                    ],
                    [
                        2.62428670853,
                        48.43950969833
                    ],
                    [
                        2.62426256865,
                        48.43930150748
                    ],
                    [
                        2.62406140298,
                        48.43829257050
                    ],
                    [
                        2.62405134469,
                        48.43812085348
                    ],
                    [
                        2.62441277236,
                        48.43781923513
                    ],
                    [
                        2.62442886293,
                        48.43732632284
                    ],
                    [
                        2.62469708651,
                        48.43704694165
                    ],
                    [
                        2.62519865960,
                        48.43707897249
                    ]
                ]
            }
        },
        {
            "type": "Feature",
            "properties": {
                "googleUrl": "https://goo.gl/maps/serUHuNY5m83Uh7D6",
                "shortName": "Bois-le-Roi",
                "type": "trainstation",
                "name": "Gare Bois-le-Roi"
            },
            "geometry": {
                "type": "Point",
                "coordinates": [
                    2.69192128837,
                    48.47558855795
                ]
            }
        },
        {
            "type": "Feature",
            "properties": {
                "type": "parking_route"
            },
            "geometry": {
                "type": "LineString",
                "coordinates": [
                    [
                        2.59709178865,
                        48.29303374742
                    ],
                    [
                        2.59718566865,
                        48.29343169435
                    ],
                    [
                        2.59727418154,
                        48.29387782150
                    ],
                    [
                        2.59710654482,
                        48.29388049736
                    ],
                    [
                        2.59698182210,
                        48.29386622136
                    ],
                    [
                        2.59679809079,
                        48.29396793782
                    ],
                    [
                        2.59676858649,
                        48.29398399830
                    ],
                    [
                        2.59669080243,
                        48.29400541226
                    ],
                    [
                        2.59656473860,
                        48.29398399830
                    ],
                    [
                        2.59641721711,
                        48.29397329132
                    ],
                    [
                        2.59622946247,
                        48.29392421761
                    ],
                    [
                        2.59602427348,
                        48.29389298887
                    ],
                    [
                        2.59594917163,
                        48.29388852762
                    ],
                    [
                        2.59581908450,
                        48.29388317411
                    ],
                    [
                        2.59543552860,
                        48.29388852761
                    ],
                    [
                        2.59541138873,
                        48.29387960511
                    ],
                    [
                        2.59536042675,
                        48.29384926859
                    ],
                    [
                        2.59529203042,
                        48.29381268629
                    ],
                    [
                        2.59510025248,
                        48.29376093568
                    ]
                ]
            }
        }
    ]
}